"a","b","c","b2","a0","b0","b1","a1","c1","SPCD_DIVISION","SPCD","JENKINS_SPGRPCD"
0.00177628465296204,1.9825268853665,1.02256288607525,-0.0097851501908264,NA,NA,NA,NA,NA,"1_111 230",NA,NA
NA,NA,1.19515728485522,NA,0.00114150397695603,1.90269920953002,2.03789304053088,NA,NA,"1_131 230",NA,NA
0.00210526615964245,1.64609129917556,1.24441341271582,NA,NA,NA,NA,NA,NA,"10 M240",NA,NA
0.00228091534343817,1.829853623156,1.10918291328814,NA,NA,NA,NA,NA,NA,"100 130",NA,NA
0.00130301699121312,2.0126053894887,1.10661262238229,NA,NA,NA,NA,NA,NA,"100 M210",NA,NA
NA,NA,1.1213203386816,NA,0.00205547640201017,1.86309730454602,1.73059686195062,NA,NA,"105 130",NA,NA
NA,NA,1.10289585221744,NA,0.00207001054926972,1.87376863220319,1.8059920949016,NA,NA,"105 210",NA,NA
NA,NA,1.09370775108993,NA,0.00209201852611101,1.8988337983158,1.75663111415547,NA,NA,"105 220",NA,NA
NA,NA,1.25978458754419,NA,0.00113230570577713,1.8908919068909,1.72245579262554,NA,NA,"107 230",NA,NA
NA,NA,1.04319568460901,NA,0.00287814923181387,1.87779194713505,1.79091444978228,NA,NA,"108 130",NA,NA
NA,NA,1.28852277187798,NA,0.00148065321494533,1.74002761017981,1.73708860238052,NA,NA,"108 330",NA,NA
NA,NA,0.981203546876831,NA,0.00308515884709953,1.97758194256457,1.79636413497844,NA,NA,"108 M130",NA,NA
NA,NA,0.960877106369258,NA,0.00292399303152562,2.01682183590341,1.82581572562749,NA,NA,"108 M210",NA,NA
NA,NA,1.00509740543275,NA,0.0028880103891255,1.95507682741321,1.69249148787115,NA,NA,"108 M240",NA,NA
NA,NA,1.11530070558803,NA,0.00238668573633871,1.80028242141441,1.77985980590487,NA,NA,"108 M330",NA,NA
0.00131413592741574,2.03738585260946,1.15670249200423,0.0140906710094716,NA,NA,NA,NA,NA,"11 240",NA,NA
0.00102561117802833,2.022202419976,1.21244131302288,0.0134209606944635,NA,NA,NA,NA,NA,"11 M210",NA,NA
0.00210622525044088,1.82507799900004,1.14481909438777,0.00328311726109904,NA,NA,NA,NA,NA,"11 M240",NA,NA
NA,NA,1.32921315763166,NA,0.000777044665014202,1.91901756772957,2.00692900717773,NA,NA,"110 220",NA,NA
NA,NA,1.15627232430969,NA,0.00110231984247842,2.04143264663071,1.98662193734056,NA,NA,"110 230",NA,NA
NA,NA,1.18227038069096,NA,0.00204127671239509,1.76255666621516,1.92688027802135,NA,NA,"110 250",NA,NA
NA,NA,1.0197753572166,NA,0.00138308862368129,2.21177279562601,2.04987278341704,NA,NA,"110 M220",NA,NA
NA,NA,1.18294870050263,NA,0.00156091391645266,1.85340081296026,1.97853559242347,NA,NA,"110 M230",NA,NA
NA,NA,1.06895733702084,NA,0.0012060010229117,2.1414226363635,1.948751731577,NA,NA,"111 230",NA,NA
0.00150783079178686,1.95515149448323,1.12510857471687,NA,NA,NA,NA,NA,NA,"115 230",NA,NA
0.00471765034984979,2.26891362731698,0.604401166215626,NA,NA,NA,NA,NA,NA,"117 M260",NA,NA
0.00237788335715532,1.81067184927281,1.10617160766674,NA,NA,NA,NA,NA,NA,"119 M240",NA,NA
0.00260372416018242,1.75306663205002,1.10806525407911,NA,NA,NA,NA,NA,NA,"119 M330",NA,NA
NA,NA,0.872349275440531,NA,0.00411636401924038,1.99778696684992,1.88324411071351,NA,NA,"12 130",NA,NA
NA,NA,1.08802843300916,NA,0.00228700393099633,1.87315108175186,1.58935397443044,NA,NA,"12 210",NA,NA
NA,NA,0.930889597269074,NA,0.00347365285428937,1.97933614403721,1.53215132315828,NA,NA,"12 220",NA,NA
NA,NA,0.882612889565232,NA,0.00344104102897507,2.08550874535873,1.79477789715616,NA,NA,"12 M210",NA,NA
0.00151395194054981,2.09055176904155,1.06310777469041,0.00779029029669013,NA,NA,NA,NA,NA,"121 230",NA,NA
NA,NA,1.04987335771193,NA,0.001738510903057,1.9676308281293,2.03017813257046,NA,NA,"122 310",NA,NA
NA,NA,1.15081819840762,NA,0.00323397920541767,1.62466813710453,1.9262007425833,NA,NA,"122 330",NA,NA
NA,NA,0.909497538151059,NA,0.00338982060793173,1.8690919819417,2.20854849263999,NA,NA,"122 M210",NA,NA
NA,NA,1.67376662106597,NA,0.00265840014175437,0.557008667948276,1.83187713237045,NA,NA,"122 M240",NA,NA
NA,NA,1.10053345307427,NA,0.00149567211213372,1.98523264002437,1.8174336631589,NA,NA,"122 M260",NA,NA
NA,NA,1.19434618299514,NA,0.00200567310524251,1.64934704365764,2.00827341781457,NA,NA,"122 M310",NA,NA
NA,NA,0.876784942846133,NA,0.0030934901755067,2.03894150153097,2.12400685715491,NA,NA,"122 M330",NA,NA
NA,NA,0.91925858541123,NA,0.00531394822785261,1.65714377749458,2.272248248604,NA,NA,"122 M340",NA,NA
NA,NA,1.09348685710361,NA,0.00191627906762023,1.95623573876975,1.7784921513755,NA,NA,"123 M220",NA,NA
0.00149648457434584,2.06161904777764,1.13597398475032,0.0171289796905671,NA,NA,NA,NA,NA,"125 130",NA,NA
0.0017898528971877,1.87538066304679,1.16064450363194,0.00315753783789583,NA,NA,NA,NA,NA,"125 210",NA,NA
0.00190383301570566,1.77072999093116,1.19321351619943,-0.000579149565077618,NA,NA,NA,NA,NA,"125 220",NA,NA
0.00286473645659417,2.06416093860231,0.897989341241532,NA,NA,NA,NA,NA,NA,"126 M220",NA,NA
0.00100666307609216,2.17643162857435,1.14359180321429,0.020582947978999,NA,NA,NA,NA,NA,"128 230",NA,NA
0.00308155133389464,1.97744606530823,0.985991633329861,0.00924603552324396,NA,NA,NA,NA,NA,"129 130",NA,NA
0.00317718687458773,1.9262314288721,0.988747729478342,0.00364290324657605,NA,NA,NA,NA,NA,"129 210",NA,NA
0.00335791173073394,1.38855210146324,1.20002400926032,-0.0268689304173195,NA,NA,NA,NA,NA,"129 220",NA,NA
0.00187198423289015,1.45558884596639,1.27889948098096,-0.0222802669223789,NA,NA,NA,NA,NA,"129 230",NA,NA
0.000235937112486035,2.29282002351679,1.45296672682957,0.0313866740316873,NA,NA,NA,NA,NA,"129 M210",NA,NA
0.00288853296173126,1.67408626346019,1.08975893366335,-0.00861613937812223,NA,NA,NA,NA,NA,"129 M220",NA,NA
0.00178627002920515,1.79180546573782,1.18362785382045,NA,NA,NA,NA,NA,NA,"131 220",NA,NA
0.00126517974669558,1.92419768333081,1.17950315217057,NA,NA,NA,NA,NA,NA,"131 230",NA,NA
0.00514733033124883,2.12269380262727,0.725850622077891,NA,NA,NA,NA,NA,NA,"131 M230",NA,NA
0.00131512870980373,1.92097133837448,1.20588893783977,NA,NA,NA,NA,NA,NA,"132 220",NA,NA
0.00223356515774379,1.85408687274339,1.09898474648075,NA,NA,NA,NA,NA,NA,"132 230",NA,NA
0.00200640298930065,1.88881041776193,1.10589912217219,NA,NA,NA,NA,NA,NA,"132 M220",NA,NA
0.00178004815691523,1.68391772662339,1.25328757236273,NA,NA,NA,NA,NA,NA,"15 M260",NA,NA
0.00590646864686797,1.89261937938355,0.80310647488426,NA,NA,NA,NA,NA,NA,"15 M310",NA,NA
0.0023248510702001,1.70998121374206,1.17161272388553,NA,NA,NA,NA,NA,NA,"15 M330",NA,NA
NA,NA,1.23334168180532,NA,0.00163435200800718,1.7325717072396,1.68330914315446,NA,NA,"19 M130",NA,NA
NA,NA,1.19954317893945,NA,0.00210071185522795,1.67575103639865,1.74697909249668,NA,NA,"19 M210",NA,NA
NA,NA,1.45072160729943,NA,0.00111276122036422,1.50655977493778,1.54058603953559,NA,NA,"19 M240",NA,NA
NA,NA,1.09148642021245,NA,0.00213027479275049,1.87086212407751,1.74559135390304,NA,NA,"19 M330",NA,NA
0.00208805081051849,1.7486679907399,1.17182297344364,NA,NA,NA,NA,NA,NA,"20 M260",NA,NA
NA,NA,1.02989807772008,NA,0.00274723472692336,1.84090392638568,1.79172923344467,NA,NA,"202 130",NA,NA
NA,NA,0.985349005573142,NA,0.00192994780816706,2.16242444050881,1.69042679048668,NA,NA,"202 240",NA,NA
NA,NA,1.10083897522922,NA,0.00197639955184651,1.8881853773821,1.71832994991761,NA,NA,"202 260",NA,NA
NA,NA,1.1255249909542,NA,0.00136931588039169,2.0024114274338,1.71769157848286,NA,NA,"202 340",NA,NA
NA,NA,1.10288461377177,NA,0.00172735114300005,1.89358391677569,1.75442178770175,NA,NA,"202 M210",NA,NA
NA,NA,1.16375141474187,NA,0.00179362365927889,1.76678127540079,1.7077452991046,NA,NA,"202 M240",NA,NA
NA,NA,1.15049826304484,NA,0.00128305483061778,1.99864188899812,1.70865142184977,NA,NA,"202 M260",NA,NA
NA,NA,0.982914772078916,NA,0.00412510954461649,1.68856594417076,1.92848739328216,NA,NA,"202 M310",NA,NA
NA,NA,1.04173944582758,NA,0.00240709975918919,1.86830081694054,1.80968551749481,NA,NA,"202 M330",NA,NA
0.00139036366816692,1.88506977233013,1.10545258007826,NA,NA,NA,NA,NA,NA,"211 260",NA,NA
0.00122729003620246,1.86328278153667,1.21982604496178,NA,NA,NA,NA,NA,NA,"221 230",NA,NA
0.0074970386507186,1.89423148687887,0.771194468265691,NA,NA,NA,NA,NA,NA,"222 230",NA,NA
NA,NA,1.09799416502246,NA,0.0021274688895933,1.91293131486205,1.57638419007516,NA,NA,"241 210",NA,NA
NA,NA,1.09696429851954,NA,0.0027873858202462,1.80702988824392,1.51309889204069,NA,NA,"242 240",NA,NA
NA,NA,1.49544181591893,NA,0.00141206882139478,1.29058989542886,1.43986599262519,NA,NA,"242 340",NA,NA
NA,NA,0.99636708662293,NA,0.00124313574557348,2.3323752438855,1.6163441749318,NA,NA,"242 M210",NA,NA
NA,NA,0.900560217164007,NA,0.00499498720871812,1.84860255327246,1.80803722766255,NA,NA,"242 M240",NA,NA
NA,NA,1.07842456856374,NA,0.00250567111587289,1.83265797532911,1.64197921987678,NA,NA,"242 M330",NA,NA
0.00229555294465827,1.96753553185335,0.996321112643364,NA,NA,NA,NA,NA,NA,"260 M210",NA,NA
0.00160795977890766,1.64448399971117,1.28281088723315,NA,NA,NA,NA,NA,NA,"260 M240",NA,NA
0.00227883472479317,1.94798795524593,1.01273756730216,NA,NA,NA,NA,NA,NA,"260 M330",NA,NA
0.00408911032025892,2.0532601016065,0.824543394867713,0.00184157251208212,NA,NA,NA,NA,NA,"261 210",NA,NA
0.008141988691901,1.74758691855907,0.7573848559123,-0.0200377684986972,NA,NA,NA,NA,NA,"261 M220",NA,NA
0.00203524870925903,1.64001877217822,1.22597160902768,-0.0027490653163692,NA,NA,NA,NA,NA,"263 240",NA,NA
0.00148064937792783,1.91117243170033,1.18040619981334,0.0098604761967966,NA,NA,NA,NA,NA,"263 340",NA,NA
0.00126036753658947,2.08785242616417,1.104263083313,0.0109203758136996,NA,NA,NA,NA,NA,"263 M210",NA,NA
0.00274829535708077,1.90967206387798,1.01688093697945,0.00331164714717118,NA,NA,NA,NA,NA,"263 M240",NA,NA
0.00154703495178898,1.99125863389541,1.10390164281801,0.0080352159155239,NA,NA,NA,NA,NA,"263 M330",NA,NA
0.00396571870365639,1.72815018071822,1.03751099593285,NA,NA,NA,NA,NA,NA,"264 M240",NA,NA
NA,NA,1.18541620714927,NA,0.00131519077247245,1.86294034651196,1.91634110011234,NA,NA,"312 M240",NA,NA
0.00213462679266717,1.84177075531444,1.10141988049784,NA,NA,NA,NA,NA,NA,"316 210",NA,NA
0.00222386311978906,1.7964393497369,1.11882596416195,NA,NA,NA,NA,NA,NA,"316 220",NA,NA
0.00303200616887203,1.78864020936358,1.03255610713819,NA,NA,NA,NA,NA,NA,"316 230",NA,NA
0.0032409138252267,1.95157776901463,0.926042881067392,NA,NA,NA,NA,NA,NA,"316 M220",NA,NA
NA,NA,1.01621180843175,NA,0.00165512162684191,2.13942640298241,1.87280949412991,NA,NA,"318 210",NA,NA
NA,NA,1.0589010110566,NA,0.00146198301553155,2.10718681850554,1.89066961910698,NA,NA,"318 220",NA,NA
NA,NA,0.896031504480629,NA,0.0028061166586636,2.13181468658539,1.92185135050399,NA,NA,"318 M210",NA,NA
NA,NA,1.21560749828449,NA,0.00157515905846828,1.7542754426993,1.91744042225764,NA,NA,"318 M220",NA,NA
0.00272723025397271,1.95742512913321,0.961348018678097,NA,NA,NA,NA,NA,NA,"330 M220",NA,NA
NA,NA,1.02106722353011,NA,0.00240497899955154,1.96751728019027,1.76075727086656,NA,NA,"351 M240",NA,NA
NA,NA,0.838521456702836,NA,0.00301287600096064,2.12124009117141,1.86935032573314,NA,NA,"370 230",NA,NA
NA,NA,1.02931310481318,NA,0.00286247250676805,1.82838774450334,1.75017875202034,NA,NA,"370 M220",NA,NA
0.00817538099723846,1.86869184176891,0.730288942496055,-0.00274389551596224,NA,NA,NA,NA,NA,"371 130",NA,NA
0.00641669651895724,2.46891313583858,0.542518651649274,0.0218239320007563,NA,NA,NA,NA,NA,"371 210",NA,NA
0.00400301268316479,1.96371279069645,0.917388836046358,0.00222759499275553,NA,NA,NA,NA,NA,"371 220",NA,NA
0.00413030719063193,2.16361053013372,0.8176956772911,0.012163811334686,NA,NA,NA,NA,NA,"371 M210",NA,NA
NA,NA,0.886162858737504,NA,0.00413735744884038,1.94134138789327,1.84153588893837,NA,NA,"375 130",NA,NA
NA,NA,1.11919847811058,NA,0.00152978984725323,1.97269764697795,1.66146361907134,NA,NA,"375 210",NA,NA
NA,NA,0.672613910048716,NA,0.00859854851088749,2.04428732607361,1.97906614659564,NA,NA,"375 220",NA,NA
NA,NA,1.30315046543448,NA,0.00078494888702581,1.88536403633676,1.92601359585374,NA,NA,"375 M130",NA,NA
NA,NA,0.730065727170549,NA,0.00603841667703175,2.09088544370829,1.817143908098,NA,NA,"375 M210",NA,NA
NA,NA,1.1249742748433,NA,0.00185487366981518,1.84094345197334,1.83099631769064,NA,NA,"375 M330",NA,NA
0.00159989717746101,1.90931509803699,1.11303714089356,NA,NA,NA,NA,NA,NA,"400 220",NA,NA
0.00169063652135485,1.96098553189413,1.05986850630061,NA,NA,NA,NA,NA,NA,"400 230",NA,NA
0.00178192860293228,1.96334134042849,1.04486887371946,NA,NA,NA,NA,NA,NA,"400 M220",NA,NA
0.00154789137838522,2.07454757014256,1.00983268338703,NA,NA,NA,NA,NA,NA,"400 M230",NA,NA
0.00357959134195292,1.98880683771507,0.917140667237874,NA,NA,NA,NA,NA,NA,"403 220",NA,NA
0.00289036093732681,1.95374022277554,0.947535656476849,NA,NA,NA,NA,NA,NA,"404 230",NA,NA
0.00478310194305366,1.90239702545627,0.892810962982432,NA,NA,NA,NA,NA,NA,"42 M240",NA,NA
0.00631743683647882,2.01610988280723,0.710510600902952,NA,NA,NA,NA,NA,NA,"421 220",NA,NA
NA,NA,1.26628274636158,NA,0.00131492103597086,1.80477481214213,1.4676903143245,NA,NA,"43 230",NA,NA
0.00154473877494476,1.81165753018536,1.17320299322784,NA,NA,NA,NA,NA,NA,"460 230",NA,NA
0.00217405633475559,1.87206850918867,1.0573636639304,NA,NA,NA,NA,NA,NA,"461 230",NA,NA
0.0055431190524225,1.87949645282266,0.800973986827361,NA,NA,NA,NA,NA,NA,"491 230",NA,NA
NA,NA,0.952788415639082,NA,0.00257473923009792,2.00042443936247,2.05903849485617,NA,NA,"521 230",NA,NA
0.00288234644069896,2.37295178576253,0.841544720329162,0.0296758111967939,NA,NA,NA,NA,NA,"531 210",NA,NA
0.00210383143698196,2.54108279588119,0.84280223197287,0.034710752094368,NA,NA,NA,NA,NA,"531 220",NA,NA
0.00311015990509198,1.9950896192252,0.941905024324243,0.00753346221540409,NA,NA,NA,NA,NA,"531 230",NA,NA
0.00263189814472383,2.21241102647526,0.926550403561984,0.0175545550804683,NA,NA,NA,NA,NA,"531 M210",NA,NA
0.00240677283425146,1.89758069878103,1.04852449504245,0.00377834850744267,NA,NA,NA,NA,NA,"531 M220",NA,NA
0.0040608617088943,1.92297406439972,0.88494728182001,NA,NA,NA,NA,NA,NA,"540 230",NA,NA
0.00206346815007421,1.967024331947,1.01414281687222,NA,NA,NA,NA,NA,NA,"540 M220",NA,NA
0.00322971610229636,1.82384173206906,1.02143039832069,NA,NA,NA,NA,NA,NA,"541 210",NA,NA
0.00542559339982719,1.90798863964672,0.852367752519591,NA,NA,NA,NA,NA,NA,"541 220",NA,NA
0.00811816067024071,1.92937066599922,0.738919824328131,NA,NA,NA,NA,NA,NA,"541 M210",NA,NA
0.00141638257427815,1.99043517797552,1.07482284923854,NA,NA,NA,NA,NA,NA,"541 M220",NA,NA
0.00433981842371135,1.95702875508213,0.871261529500788,NA,NA,NA,NA,NA,NA,"543 210",NA,NA
0.00650162181102349,1.75617437165572,0.84461704179503,NA,NA,NA,NA,NA,NA,"544 230",NA,NA
0.00148116805859011,2.22024825611085,0.966119306893178,NA,NA,NA,NA,NA,NA,"555 230",NA,NA
0.00345408393925398,1.91260954130827,0.955459265193466,NA,NA,NA,NA,NA,NA,"591 230",NA,NA
0.00142107839295287,1.83375913848436,1.16695465959812,NA,NA,NA,NA,NA,NA,"602 M220",NA,NA
0.00195581373268076,1.91706352549689,1.05797289438409,NA,NA,NA,NA,NA,NA,"611 230",NA,NA
0.00142383222082301,1.72742631632657,1.27078922619842,NA,NA,NA,NA,NA,NA,"621 220",NA,NA
0.00143324573753627,1.85681971432341,1.15818012847091,NA,NA,NA,NA,NA,NA,"621 230",NA,NA
0.0019673318854028,1.91609839374791,1.05483110765757,NA,NA,NA,NA,NA,NA,"621 M220",NA,NA
0.00373608976082263,1.81554110053248,0.96741490748531,NA,NA,NA,NA,NA,NA,"653 230",NA,NA
NA,NA,1.00948803305575,NA,0.00356343929296807,1.84780681142739,1.55072558776665,NA,NA,"68 220",NA,NA
NA,NA,1.07317123529451,NA,0.00234355973124644,1.90152246883278,1.8810854945453,NA,NA,"68 230",NA,NA
NA,NA,0.975870260285867,NA,0.00431644988815631,1.81773275862574,1.54255483078304,NA,NA,"68 250",NA,NA
0.00590544622907789,1.6333206802781,0.957794218229463,NA,NA,NA,NA,NA,NA,"691 230",NA,NA
0.00187901532117172,1.77814626758516,1.18760354777929,NA,NA,NA,NA,NA,NA,"693 220",NA,NA
0.00402882263356935,1.90470574739789,0.893713678022315,NA,NA,NA,NA,NA,NA,"693 230",NA,NA
0.00597166503248045,2.04253297267677,0.712912167054338,NA,NA,NA,NA,NA,NA,"693 M220",NA,NA
0.00256611735313055,1.8073350951326,1.07187034433459,NA,NA,NA,NA,NA,NA,"694 230",NA,NA
NA,NA,0.996152236046065,NA,0.00292890030381973,1.88416722567854,1.83074751182332,NA,NA,"71 130",NA,NA
NA,NA,1.13833754908888,NA,0.00236317108195685,1.74095297134409,1.66171263745474,NA,NA,"71 210",NA,NA
NA,NA,1.27766852184135,NA,0.00131403016308838,1.7144038617217,1.55986084987802,NA,NA,"71 M130",NA,NA
NA,NA,1.24780496482385,NA,0.00107755929237673,1.81085228845952,1.63245310783222,NA,NA,"71 M210",NA,NA
NA,NA,0.935116617102992,NA,0.00246680918015093,2.05723801311722,1.74749757758915,NA,NA,"71 M330",NA,NA
0.00234755146950634,1.7584077521445,1.11526292953507,NA,NA,NA,NA,NA,NA,"731 230",NA,NA
NA,NA,0.548591633519528,NA,0.00806721511297056,2.2108287634053,2.10023830741622,NA,NA,"740 130",NA,NA
NA,NA,1.8838476496836,NA,0.000268264691104658,1.16783133378315,1.74600279342964,NA,NA,"740 230",NA,NA
NA,NA,0.965799117111869,NA,0.00319193875453007,1.93906994594754,2.01890304306238,NA,NA,"740 M330",NA,NA
NA,NA,1.13388153924158,NA,0.00142383804925866,1.90219244924326,1.88661892083105,NA,NA,"741 130",NA,NA
NA,NA,1.091663273035,NA,0.001525720847178,2.01678605393148,2.01195970674315,NA,NA,"741 210",NA,NA
0.00713452450952718,1.93836458966879,0.754973524208616,NA,NA,NA,NA,NA,NA,"742 250",NA,NA
0.00339188366034579,2.00579961359178,0.899210101652636,NA,NA,NA,NA,NA,NA,"743 130",NA,NA
0.00173741820251775,1.94319088719496,1.09942701976796,NA,NA,NA,NA,NA,NA,"743 210",NA,NA
0.00147304483896167,1.91298056594603,1.15619461486427,NA,NA,NA,NA,NA,NA,"743 220",NA,NA
NA,NA,0.870797943437299,NA,0.0037023227559297,2.03860184087326,1.81490086064156,NA,NA,"746 130",NA,NA
NA,NA,1.02995160738472,NA,0.00217005753398646,1.97879436242997,1.90055931976862,NA,NA,"746 210",NA,NA
NA,NA,1.02615355116523,NA,0.00220493871619839,1.99235202475186,1.86032607231948,NA,NA,"746 220",NA,NA
NA,NA,1.0705441426624,NA,0.00265563563436585,1.73669054947111,1.84279863619915,NA,NA,"746 M130",NA,NA
NA,NA,1.42300866625325,NA,0.00043711513597108,1.88489124487117,1.6297415467682,NA,NA,"746 M210",NA,NA
NA,NA,1.22665994477862,NA,0.00167632067359345,1.67918629718092,1.73181573576465,NA,NA,"746 M240",NA,NA
NA,NA,0.949828690361432,NA,0.00298625124203437,1.9491864159774,1.76714000799431,NA,NA,"746 M330",NA,NA
0.00104611163731251,1.83904095147091,1.26430449231782,NA,NA,NA,NA,NA,NA,"747 130",NA,NA
0.00090067185545055,1.86516073104783,1.28216387266896,NA,NA,NA,NA,NA,NA,"747 M130",NA,NA
0.0016891873678772,1.80307455645865,1.17124036236118,NA,NA,NA,NA,NA,NA,"747 M210",NA,NA
0.000721864474562673,1.72325217522909,1.40936076926286,NA,NA,NA,NA,NA,NA,"747 M330",NA,NA
0.00214598221614345,1.71737433591125,1.19270951604231,NA,NA,NA,NA,NA,NA,"762 210",NA,NA
0.00242330403572188,1.87290846119604,1.04280737555054,NA,NA,NA,NA,NA,NA,"762 230",NA,NA
0.0012656284869705,1.94015381206636,1.16285794980227,NA,NA,NA,NA,NA,NA,"762 M220",NA,NA
0.00510988709411648,NA,0.964427611137796,NA,NA,NA,0.184334574378518,1.75090066799955,0.268864671265195,"800 230",NA,NA
0.00176182387253367,1.73820547338611,1.20958169311803,NA,NA,NA,NA,NA,NA,"802 210",NA,NA
0.00307313640310057,1.92895261442051,0.976820126316179,NA,NA,NA,NA,NA,NA,"802 220",NA,NA
0.00140574567318038,1.82808138588238,1.19810083431421,NA,NA,NA,NA,NA,NA,"802 230",NA,NA
0.00398578707463927,2.05845987084334,0.837255109174832,NA,NA,NA,NA,NA,NA,"802 250",NA,NA
0.00206293169599986,1.85252762587126,1.09312646191545,NA,NA,NA,NA,NA,NA,"802 M220",NA,NA
0.00513088364959859,2.02246884140563,0.776669364540409,NA,NA,NA,NA,NA,NA,"802 M230",NA,NA
0.00150324539413151,2.17770613889746,1.03780099370385,0.0129331029937946,NA,NA,NA,NA,NA,"806 220",NA,NA
0.00136222083176988,2.16714907453857,1.06228206982488,0.0192001172274081,NA,NA,NA,NA,NA,"806 230",NA,NA
0.001688125904592,2.16239701223167,1.00384827605047,0.0151052161593348,NA,NA,NA,NA,NA,"806 M220",NA,NA
0.00135183699352817,1.74195331652063,1.28310657020729,NA,NA,NA,NA,NA,NA,"809 220",NA,NA
0.00360155161416525,1.64777285409984,1.06601436759956,NA,NA,NA,NA,NA,NA,"81 M260",NA,NA
NA,NA,1.13733475877002,NA,0.00170991640071922,1.83047387283497,1.86328863622954,NA,NA,"812 230",NA,NA
0.00234966162980904,1.88219236752841,1.04629414729746,NA,NA,NA,NA,NA,NA,"813 230",NA,NA
NA,NA,0.916787261510582,NA,0.00278515681975668,2.06201801282016,1.77618296745523,NA,NA,"820 230",NA,NA
0.00229304635048926,1.90391822239165,1.02008197489414,NA,NA,NA,NA,NA,NA,"822 230",NA,NA
0.00161533773045784,1.72308855462747,1.23304748315017,NA,NA,NA,NA,NA,NA,"825 230",NA,NA
NA,NA,1.04191293168697,NA,0.00251017791140757,1.87060216287652,1.82536983460509,NA,NA,"827 230",NA,NA
0.00249245522594226,1.91102546909286,1.01062530452921,NA,NA,NA,NA,NA,NA,"828 230",NA,NA
0.00230830182420381,1.84342235199184,1.06090619566763,NA,NA,NA,NA,NA,NA,"831 230",NA,NA
0.00134016853151135,1.90457698259993,1.17251548271471,NA,NA,NA,NA,NA,NA,"832 220",NA,NA
0.00155741853288478,1.87389324144992,1.13329160082918,NA,NA,NA,NA,NA,NA,"832 230",NA,NA
0.00208168522566065,1.96033299170119,1.0138981294047,NA,NA,NA,NA,NA,NA,"832 M220",NA,NA
0.00232231449253701,1.79984913934469,1.11736523030419,NA,NA,NA,NA,NA,NA,"833 210",NA,NA
0.00157326782694794,1.82345818622506,1.1905450210588,NA,NA,NA,NA,NA,NA,"833 220",NA,NA
0.00147201512141815,1.83819255734578,1.17871927522186,NA,NA,NA,NA,NA,NA,"833 230",NA,NA
0.00213482297876001,1.90531335776584,1.04845898597503,NA,NA,NA,NA,NA,NA,"833 M220",NA,NA
0.00167381874924432,1.9363437732301,1.11152207808243,NA,NA,NA,NA,NA,NA,"835 220",NA,NA
0.00237313624655295,1.92073431403628,1.01402981640185,NA,NA,NA,NA,NA,NA,"835 230",NA,NA
NA,NA,1.04601028530653,NA,0.00151887758662498,2.11399899540658,1.64999136762874,NA,NA,"837 210",NA,NA
NA,NA,1.16076263544111,NA,0.000437946424100572,2.42812507285363,1.79498110069292,NA,NA,"837 220",NA,NA
NA,NA,1.11549696856359,NA,0.00155350977418397,1.88921372899691,2.04273016049507,NA,NA,"837 230",NA,NA
NA,NA,0.846614662131491,NA,0.000919110074267892,2.70601724914024,1.69475768504154,NA,NA,"837 250",NA,NA
NA,NA,0.887282841898678,NA,0.00295427924413184,2.08159181021966,1.92884568518359,NA,NA,"837 M210",NA,NA
NA,NA,1.08488659464382,NA,0.00126221023640985,2.04618620709851,1.89588647897851,NA,NA,"837 M220",NA,NA
0.00213169671123186,1.76729251372231,1.12062535065545,NA,NA,NA,NA,NA,NA,"838 230",NA,NA
0.00220654710648086,2.03432454268985,1.03493604482528,0.0161714442169469,NA,NA,NA,NA,NA,"90 130",NA,NA
0.00159052567988732,1.83149524172643,1.18466946277023,0.006044967829062,NA,NA,NA,NA,NA,"90 M130",NA,NA
0.00129267643370705,1.90137299493373,1.21061395437599,0.0116818716461049,NA,NA,NA,NA,NA,"90 M210",NA,NA
0.000692235118671424,1.92405834674659,1.34310203230675,0.0138137514847964,NA,NA,NA,NA,NA,"90 M330",NA,NA
0.00166050603175343,1.81880574082124,1.11734707541295,NA,NA,NA,NA,NA,NA,"901 M220",NA,NA
NA,NA,1.09898488397432,NA,0.00222149811694917,1.90988341935512,1.76241357417823,NA,NA,"91 210",NA,NA
0.000969821273760416,2.00027518851604,1.22688768780729,0.015967734536874,NA,NA,NA,NA,NA,"93 M130",NA,NA
0.00171960631997218,1.82453410089604,1.16833414529196,0.00362744960026014,NA,NA,NA,NA,NA,"93 M210",NA,NA
0.00156899607076162,1.95537923945038,1.10663184320687,0.00507465159894985,NA,NA,NA,NA,NA,"93 M240",NA,NA
0.00212289973794615,1.84734001549772,1.12165244247658,0.00675916461810937,NA,NA,NA,NA,NA,"93 M330",NA,NA
0.00153951812972198,1.76951416079563,1.25815902787217,0.00610421530481734,NA,NA,NA,NA,NA,"93 M340",NA,NA
0.00219939684225222,1.93104882383116,1.06783836788851,0.00781273147691289,NA,NA,NA,NA,NA,"94 130",NA,NA
0.00216836570711275,1.88602394146423,1.09400736400691,0.000139020936578629,NA,NA,NA,NA,NA,"94 210",NA,NA
0.0022378064299821,2.31823940617343,0.975157301194373,0.0492736165754212,NA,NA,NA,NA,NA,"94 220",NA,NA
0.00280333442235376,1.80470368480308,1.03566318646416,-0.00705558225482178,NA,NA,NA,NA,NA,"94 M130",NA,NA
NA,NA,1.00452726712117,NA,0.00256264733753786,1.96870269252826,1.89434923368218,NA,NA,"95 130",NA,NA
NA,NA,1.08892727310761,NA,0.00231699379953321,1.8623431433984,1.89313326853203,NA,NA,"95 210",NA,NA
NA,NA,1.02645436197622,NA,0.00300217737804935,1.83352518116712,1.42860131762314,NA,NA,"95 M130",NA,NA
0.00322631421387685,2.30273747122045,0.793085827682604,0.0171678616470271,NA,NA,NA,NA,NA,"950 210",NA,NA
0.00200887835641901,2.00156365526592,1.02558155021857,0.00425651936105304,NA,NA,NA,NA,NA,"950 M220",NA,NA
NA,NA,0.96317588248087,NA,0.00193439281085147,2.15380357802081,1.93236254445594,NA,NA,"951 210",NA,NA
NA,NA,1.18829897638582,NA,0.00118678147416892,1.93304064073002,1.92796452327677,NA,NA,"951 220",NA,NA
NA,NA,0.855116324205002,NA,0.00441453272478315,2.03894666102135,1.79479181295336,NA,NA,"97 130",NA,NA
NA,NA,0.844278013321281,NA,0.00482686394010833,2.0130447743348,1.9524423616367,NA,NA,"97 210",NA,NA
NA,NA,0.878014738530345,NA,0.00436451120068273,1.992816106536,2.00505721050522,NA,NA,"97 M210",NA,NA
0.00152472500735082,1.79859104747794,1.19057142559089,NA,NA,NA,NA,NA,NA,"970 230",NA,NA
NA,NA,1.21795999247769,NA,0.00128811594911067,1.81624619842527,1.83483896661567,NA,NA,"972 210",NA,NA
0.00283683177100868,1.81055068183975,1.0756788196828,NA,NA,NA,NA,NA,NA,"98 M240",NA,NA
0.00408056346435432,1.86559849486471,0.894005943118407,NA,NA,NA,NA,NA,NA,"999 230",NA,NA
0.0018714636163792,1.89257724744181,1.08182427254375,NA,NA,NA,NA,NA,NA,"999 M220",NA,NA
0.00177628465296204,1.9825268853665,1.02256288607525,-0.0097851501908264,NA,NA,NA,NA,NA,NA,"1_111",NA
NA,NA,1.19534355394664,NA,0.00114320475123726,1.90156795480982,2.03842514385566,NA,NA,NA,"1_131",NA
0.00195558752702741,1.65054670880067,1.25603806559691,NA,NA,NA,NA,NA,NA,NA,"10",NA
0.00183193677368942,1.82087869955098,1.16482002509279,NA,NA,NA,NA,NA,NA,NA,"100",NA
NA,NA,1.12774117697706,NA,0.00206260716146714,1.84021934660251,1.7573693103913,NA,NA,NA,"105",NA
NA,NA,1.25978458754419,NA,0.00113230570577713,1.8908919068909,1.72245579262554,NA,NA,NA,"107",NA
NA,NA,0.993187909271415,NA,0.00319604591872996,1.91721092784439,1.8151140314372,NA,NA,NA,"108",NA
0.00202290273365568,1.8448856164228,1.14365107854661,0.00406268729416612,NA,NA,NA,NA,NA,NA,"11",NA
NA,NA,1.12411051453134,NA,0.00112203753049839,2.10500140600136,2.00009946172414,NA,NA,NA,"110",NA
NA,NA,1.06973245189543,NA,0.00120397876268012,2.14076716939243,1.94818183636907,NA,NA,NA,"111",NA
0.00157825252338288,1.95225869083593,1.11689118998807,NA,NA,NA,NA,NA,NA,NA,"115",NA
0.00367998376799653,2.2620126495579,0.661333925784083,NA,NA,NA,NA,NA,NA,NA,"117",NA
0.00193260259289975,1.77525836631443,1.16213536288783,NA,NA,NA,NA,NA,NA,NA,"119",NA
NA,NA,0.967435949849467,NA,0.00325641557325265,1.93151506281467,1.78328726982863,NA,NA,NA,"12",NA
0.00151395015279043,2.09008260057743,1.06325696466958,0.00775089177145387,NA,NA,NA,NA,NA,NA,"121",NA
NA,NA,0.898801101924201,NA,0.00288954063467146,2.02819401257645,2.09832474108968,NA,NA,NA,"122",NA
NA,NA,1.08548888888647,NA,0.0022543799588567,1.90460294579661,1.75650464128053,NA,NA,NA,"123",NA
0.00165828475496164,1.96436828732996,1.14775081929333,0.0102234444184231,NA,NA,NA,NA,NA,NA,"125",NA
0.0024103634758221,2.04755888582379,0.948865024829162,NA,NA,NA,NA,NA,NA,NA,"126",NA
0.00100666307609216,2.17643162857435,1.14359180321429,0.020582947978999,NA,NA,NA,NA,NA,NA,"128",NA
0.0027665636381529,1.94135644363335,1.01471747255051,0.00656652949110455,NA,NA,NA,NA,NA,NA,"129",NA
0.00130017704419082,1.92638083862673,1.17202575213806,NA,NA,NA,NA,NA,NA,NA,"131",NA
0.00196193348555095,1.9088487017515,1.10181925127839,NA,NA,NA,NA,NA,NA,NA,"132",NA
0.00181518723029532,1.61719343286213,1.28408983285333,NA,NA,NA,NA,NA,NA,NA,"15",NA
0.00250621175233147,1.61281918825321,1.21502735852143,NA,NA,NA,NA,NA,NA,NA,"17",NA
NA,NA,1.18091878606829,NA,0.00207542580141321,1.71084126230079,1.75823174867895,NA,NA,NA,"19",NA
0.0020919369634594,1.76005568677567,1.16439345418434,NA,NA,NA,NA,NA,NA,NA,"20",NA
NA,NA,1.11737420551819,NA,0.00170673976361019,1.90769031449099,1.69868332500253,NA,NA,NA,"202",NA
0.00139545776335429,1.88528157943426,1.10459100359869,NA,NA,NA,NA,NA,NA,NA,"211",NA
0.00120651738172008,1.87382733610143,1.21817062985715,NA,NA,NA,NA,NA,NA,NA,"221",NA
0.0074970386507186,1.89423148687887,0.771194468265691,NA,NA,NA,NA,NA,NA,NA,"222",NA
NA,NA,1.11133524701173,NA,0.00226112296715697,1.84730023288802,1.63643542181528,NA,NA,NA,"241",NA
NA,NA,0.969154446791518,NA,0.0037679505713807,1.84523655349627,1.7394371525378,NA,NA,NA,"242",NA
0.00214545677016068,1.90945593905209,1.05002316838198,NA,NA,NA,NA,NA,NA,NA,"260",NA
0.0103147364260431,1.83348014932017,0.674341804481098,-0.0157699497867725,NA,NA,NA,NA,NA,NA,"261",NA
0.00213678139918938,1.93065139851316,1.06190604584263,0.00459079548049333,NA,NA,NA,NA,NA,NA,"263",NA
0.00399982063037983,1.72903967668662,1.03517373983196,NA,NA,NA,NA,NA,NA,NA,"264",NA
NA,NA,1.17942602395251,NA,0.00135757054433684,1.8600855888897,1.92125895893653,NA,NA,NA,"312",NA
0.000928715510714226,1.63128194876255,1.41339770491028,NA,NA,NA,NA,NA,NA,NA,"313",NA
0.00198398813189258,1.81054864249654,1.12941669927704,NA,NA,NA,NA,NA,NA,NA,"316",NA
0.00252107184301839,1.8784004687773,1.03060411889461,NA,NA,NA,NA,NA,NA,NA,"317",NA
NA,NA,1.03595535892069,NA,0.00163450472988286,2.10434744221407,1.88866666104761,NA,NA,NA,"318",NA
0.00272723025397271,1.95742512913321,0.961348018678097,NA,NA,NA,NA,NA,NA,NA,"330",NA
NA,NA,1.03079268720854,NA,0.0023481280811296,1.95793112358014,1.77934653944686,NA,NA,NA,"351",NA
NA,NA,1.01843693359622,NA,0.00255969794148097,1.88753268177594,1.77187523065312,NA,NA,NA,"370",NA
0.00400600498216657,2.25968925720223,0.760939024074993,0.0139408774449191,NA,NA,NA,NA,NA,NA,"371",NA
NA,NA,0.932118538014273,NA,0.00307567781220477,2.00747264865963,1.76812358892823,NA,NA,NA,"375",NA
0.00180641514875685,1.96319740191704,1.04320201312513,NA,NA,NA,NA,NA,NA,NA,"400",NA
0.0029616362315601,1.99678699448467,0.954636166691464,NA,NA,NA,NA,NA,NA,NA,"403",NA
0.00388920388438442,1.77818787451142,0.991834976197155,NA,NA,NA,NA,NA,NA,NA,"404",NA
0.00405951028864305,1.77609158608101,1.01939893559763,NA,NA,NA,NA,NA,NA,NA,"407",NA
0.00476617177335361,1.90405086559536,0.892429393804913,NA,NA,NA,NA,NA,NA,NA,"42",NA
0.00631743683647882,2.01610988280723,0.710510600902952,NA,NA,NA,NA,NA,NA,NA,"421",NA
NA,NA,1.26628274636158,NA,0.00131492103597086,1.80477481214213,1.4676903143245,NA,NA,NA,"43",NA
0.00148055274246974,1.81239576823504,1.18226385088979,NA,NA,NA,NA,NA,NA,NA,"460",NA
0.00217405633475559,1.87206850918867,1.0573636639304,NA,NA,NA,NA,NA,NA,NA,"461",NA
0.00705580696147098,1.88248752607817,0.722396629457829,NA,NA,NA,NA,NA,NA,NA,"491",NA
NA,NA,0.984801244328021,NA,0.00263766911444251,1.91816050513825,2.12830621904459,NA,NA,NA,"521",NA
0.00161487384782423,2.39645856367775,0.967805337371288,0.0321892884573126,NA,NA,NA,NA,NA,NA,"531",NA
0.00330509239682308,1.94056904607,0.921463051861338,NA,NA,NA,NA,NA,NA,NA,"540",NA
0.0037883025982957,1.9090854658189,0.927529394312454,NA,NA,NA,NA,NA,NA,NA,"541",NA
0.00412352487764321,1.9760873371995,0.876473723672347,NA,NA,NA,NA,NA,NA,NA,"543",NA
0.00448490663005773,1.54171782300639,1.08675203128236,NA,NA,NA,NA,NA,NA,NA,"544",NA
0.00148116805859011,2.22024825611085,0.966119306893178,NA,NA,NA,NA,NA,NA,NA,"555",NA
0.00345408393925398,1.91260954130827,0.955459265193466,NA,NA,NA,NA,NA,NA,NA,"591",NA
0.00114510993450675,2.00824889177978,1.13144449908124,NA,NA,NA,NA,NA,NA,NA,"602",NA
0.00189308445506927,1.91529859797687,1.06732819630603,NA,NA,NA,NA,NA,NA,NA,"611",NA
0.00155768519194913,1.89895235443433,1.11861602450864,NA,NA,NA,NA,NA,NA,NA,"621",NA
0.00252917143204393,1.93755643370397,1.00925168798879,NA,NA,NA,NA,NA,NA,NA,"651",NA
0.00373608976082263,1.81554110053248,0.96741490748531,NA,NA,NA,NA,NA,NA,NA,"653",NA
NA,NA,0.979761820377697,NA,0.00365510084111905,1.87732897949631,1.72468222525363,NA,NA,NA,"68",NA
0.00590544622907789,1.6333206802781,0.957794218229463,NA,NA,NA,NA,NA,NA,NA,"691",NA
0.00437908176216568,1.94448879663888,0.852584834896642,NA,NA,NA,NA,NA,NA,NA,"693",NA
0.00256611735313055,1.8073350951326,1.07187034433459,NA,NA,NA,NA,NA,NA,NA,"694",NA
NA,NA,0.870308519544081,NA,0.00333727494595263,2.07638005745835,1.71883119606733,NA,NA,NA,"71",NA
0.00247983642030688,1.81880626445651,1.06973700985193,NA,NA,NA,NA,NA,NA,NA,"731",NA
NA,NA,0.752694971122077,NA,0.00517372093365356,2.10659020400337,1.87445613728288,NA,NA,NA,"740",NA
NA,NA,1.13421940230369,NA,0.00141545844425723,1.91936737031978,1.93372994305752,NA,NA,NA,"741",NA
0.00681744304889928,1.85003925255486,0.825414667439703,NA,NA,NA,NA,NA,NA,NA,"742",NA
0.0017330291666295,1.95265049572837,1.09444396689633,NA,NA,NA,NA,NA,NA,NA,"743",NA
NA,NA,0.968834960175807,NA,0.00262801391929465,2.00451647431569,1.75511846609426,NA,NA,NA,"746",NA
0.00102403588893356,1.82897660684355,1.27291587687659,NA,NA,NA,NA,NA,NA,NA,"747",NA
0.00185358906021401,1.79763245629969,1.17016772922405,NA,NA,NA,NA,NA,NA,NA,"762",NA
0.00510988709411648,NA,0.964427611137796,NA,NA,NA,0.184334574378518,1.75090066799955,0.268864671265195,NA,"800",NA
0.00232195146640333,1.88906081794604,1.04959911305421,NA,NA,NA,NA,NA,NA,NA,"802",NA
0.00138573541513741,2.17671070513779,1.05313263867679,0.0174090820002284,NA,NA,NA,NA,NA,NA,"806",NA
0.0015727598140267,1.74012587467265,1.2470138230547,NA,NA,NA,NA,NA,NA,NA,"809",NA
0.00360155161416525,1.64777285409984,1.06601436759956,NA,NA,NA,NA,NA,NA,NA,"81",NA
NA,NA,1.13785984408326,NA,0.00174652122755565,1.81735557873472,1.89092742434249,NA,NA,NA,"812",NA
0.00253090173197886,1.90267751556055,1.01854282945181,NA,NA,NA,NA,NA,NA,NA,"813",NA
NA,NA,0.916922328865917,NA,0.00277513778929821,2.06331696521888,1.77603817176176,NA,NA,NA,"820",NA
0.00229304635048926,1.90391822239165,1.02008197489414,NA,NA,NA,NA,NA,NA,NA,"822",NA
0.000738075839938261,1.88757088336331,1.32417260808327,NA,NA,NA,NA,NA,NA,NA,"823",NA
0.00180409449581427,1.73894964373612,1.1964814678983,NA,NA,NA,NA,NA,NA,NA,"825",NA
NA,NA,1.04191293168697,NA,0.00251017791140757,1.87060216287652,1.82536983460509,NA,NA,NA,"827",NA
0.00249245522594226,1.91102546909286,1.01062530452921,NA,NA,NA,NA,NA,NA,NA,"828",NA
0.00232971404057616,1.84192663198194,1.0601556577398,NA,NA,NA,NA,NA,NA,NA,"831",NA
0.00171437601336871,1.93635236213973,1.07669885613715,NA,NA,NA,NA,NA,NA,NA,"832",NA
0.00236215190929871,1.87429997533819,1.05575197385805,NA,NA,NA,NA,NA,NA,NA,"833",NA
0.00330571644773485,1.98835544454394,0.896401495340207,NA,NA,NA,NA,NA,NA,NA,"835",NA
NA,NA,0.959477233139405,NA,0.00151444070569952,2.22320955188273,1.88367013344779,NA,NA,NA,"837",NA
0.00213169671123186,1.76729251372231,1.12062535065545,NA,NA,NA,NA,NA,NA,NA,"838",NA
0.00135924121756964,1.87648025240466,1.20791333192177,0.00956242807975065,NA,NA,NA,NA,NA,NA,"90",NA
0.00169370617760295,1.81751545768087,1.11388230886447,NA,NA,NA,NA,NA,NA,NA,"901",NA
NA,NA,1.09898488397432,NA,0.00222149811694917,1.90988341935512,1.76241357417823,NA,NA,NA,"91",NA
0.00186389487258014,1.84730196678539,1.13452756590239,0.00326327853604102,NA,NA,NA,NA,NA,NA,"93",NA
0.00227520316114773,1.97447883657972,1.04293215367952,0.0102301859436553,NA,NA,NA,NA,NA,NA,"94",NA
NA,NA,1.01981046557431,NA,0.00253719467871808,1.94485858398812,1.89482367796028,NA,NA,NA,"95",NA
0.00350568582230266,2.27442661638931,0.780472642082213,0.0148461407750034,NA,NA,NA,NA,NA,NA,"950",NA
NA,NA,1.04575212204975,NA,0.0015902090577755,2.08167275484799,1.93206703035848,NA,NA,NA,"951",NA
NA,NA,0.847622584205306,NA,0.00478720621300481,2.00871818485106,1.97491531237678,NA,NA,NA,"97",NA
0.00184472277204947,1.82613267811376,1.12975915308099,NA,NA,NA,NA,NA,NA,NA,"970",NA
NA,NA,1.14815071361294,NA,0.00150676096926946,1.87912815550347,1.79082021929249,NA,NA,NA,"972",NA
0.00283683177100868,1.81055068183975,1.0756788196828,NA,NA,NA,NA,NA,NA,NA,"98",NA
0.00201755588205427,1.86470535417,1.08469692073876,NA,NA,NA,NA,NA,NA,NA,"999",NA
0.00641951011850255,1.80842601386041,0.857975596697866,NA,NA,NA,NA,NA,NA,NA,NA,"1"
0.00266151928492857,1.70137851513383,1.11845639893806,NA,NA,NA,NA,NA,NA,NA,NA,"2"
0.00218696459339106,1.77466054950963,1.13863807179969,NA,NA,NA,NA,NA,NA,NA,NA,"3"
0.00296607199889694,1.8926288014698,1.00405620439347,NA,NA,NA,NA,NA,NA,NA,NA,"4"
0.00258967743283109,1.72010498831147,1.13321535923233,NA,NA,NA,NA,NA,NA,NA,NA,"5"
0.00363846923125633,1.79734873439824,1.00242696431747,NA,NA,NA,NA,NA,NA,NA,NA,"6"
0.00476215893474851,2.00001921937145,0.824693476841235,NA,NA,NA,NA,NA,NA,NA,NA,"7"
0.00234004149082976,1.89458738203487,1.03509402869194,NA,NA,NA,NA,NA,NA,NA,NA,"8"
0.00265327124157895,1.89735332918205,1.01546246396308,NA,NA,NA,NA,NA,NA,NA,NA,"9"
