CN,INVYR,P3_OZONE_IND,STATECD,STATEAB,STATENM,RSCD,ANN_INVENTORY,NOTES,CREATED_DATE,MODIFIED_DATE,CYCLE,SUBCYCLE,PRJ_CN
167774183010661,1998,Y,10,DE,Delaware,24,Y,Ozone survey record; independent sample from standard survey.,2008-10-09 06:51:30,2021-05-03 15:12:33,5,1,270781620732862
167774182010661,1999,Y,10,DE,Delaware,24,Y,Ozone survey record; independent sample from standard survey.,2008-10-09 06:51:30,2021-05-03 15:12:33,6,1,270781620732862
159474437010661,2001,Y,10,DE,Delaware,24,Y,Ozone survey record; independent sample from standard survey.,2008-06-16 09:15:04,2021-05-03 15:12:33,8,1,270781620732862
159475624010661,2002,Y,10,DE,Delaware,24,Y,Ozone survey record; independent sample from standard survey.,2008-06-16 09:15:08,2021-05-03 15:12:33,9,1,270781620732862
54190838010538,2003,Y,10,DE,Delaware,24,Y,Ozone survey record; independent sample from standard survey.,2005-03-04 14:19:42,2021-05-03 15:12:33,10,1,270781620732862
63139649010538,2004,Y,10,DE,Delaware,24,Y,Ozone survey record; independent sample from standard survey.,2005-03-04 14:19:42,2021-05-03 15:12:33,11,1,270781620732862
172086027010661,2008,Y,10,DE,Delaware,24,Y,Ozone survey record; independent sample from standard survey.,2008-12-05 06:34:27,2021-05-03 15:12:33,15,1,270781620732862
172086075010661,2010,Y,10,DE,Delaware,24,Y,Ozone survey record; independent sample from standard survey.,2008-12-05 06:34:27,2021-05-03 15:12:33,17,1,270781620732862
159476247010661,1995,Y,10,DE,Delaware,24,Y,Ozone survey record; independent sample from standard survey.,2008-06-16 09:15:10,2021-05-03 15:12:33,2,1,270781620732862
159474813010661,1997,Y,10,DE,Delaware,24,Y,Ozone survey record; independent sample from standard survey.,2008-06-16 09:15:05,2021-05-03 15:12:33,4,1,270781620732862
159472391010661,2000,Y,10,DE,Delaware,24,Y,Ozone survey record; independent sample from standard survey.,2008-06-16 09:14:57,2021-05-03 15:12:33,7,1,270781620732862
63139662010538,2005,Y,10,DE,Delaware,24,Y,Ozone survey record; independent sample from standard survey.,2005-03-04 14:19:42,2021-05-03 15:12:33,12,1,270781620732862
65375757010538,2006,Y,10,DE,Delaware,24,Y,Ozone survey record; independent sample from standard survey.,2007-01-26 12:39:54,2021-05-03 15:12:33,13,1,270781620732862
159227147010661,2007,Y,10,DE,Delaware,24,Y,Ozone survey record; independent sample from standard survey.,2008-06-16 07:02:56,2021-05-03 15:12:33,14,1,270781620732862
9193180010661,1999,N,10,DE,Delaware,24,N,Periodic inventory FOR CYCLE=4 AND SUBCYCLE=0.,2003-09-26 00:00:00,2021-05-03 15:12:33,4,0,270781618732862
9187277010661,1986,N,10,DE,Delaware,24,N,Periodic inventory FOR CYCLE=3 AND SUBCYCLE=0.,2003-09-26 00:00:00,2021-05-03 15:12:33,3,0,270781618732862
60134077010538,2004,N,10,DE,Delaware,24,Y,Cycle 5 subcycle 1 is not used in current estimates for years 2009 and after.,2005-12-14 07:38:14,2021-05-03 10:18:09,5,1,270781619732862
65354191010538,2005,N,10,DE,Delaware,24,Y,Annual 40% 2004-2005 current area and volume,2007-01-25 14:23:22,2021-05-03 10:18:09,5,2,270781619732862
73489728010538,2006,N,10,DE,Delaware,24,Y,Annual 60% 2004-2006 current area and volume,2007-07-20 11:05:08,2021-05-03 10:18:09,5,3,270781619732862
120631316010661,2007,N,10,DE,Delaware,24,Y,Annual 80% 2004-2007 current area and volume,2008-04-15 11:29:02,2021-05-03 10:18:09,5,4,270781619732862
170574757010661,2008,N,10,DE,Delaware,24,Y,Annual 100% 2004-2008 current area and volume; 1999 to 2004-2008 periodic to annual growth removals and mortality,2008-11-20 10:47:07,2021-05-03 10:18:09,5,5,270781619732862
144953200010661,2009,N,10,DE,Delaware,24,Y,Annual 100% 2005-2009 current area and volume; 20% annual remeasurement complete; GRM estimates for 20% annual remeasurement.,2008-05-16 13:03:07,2021-05-03 10:18:09,6,1,270781619732862
172086051010661,2009,Y,10,DE,Delaware,24,Y,Ozone survey record; independent sample from standard survey.,2008-12-05 06:34:27,2021-05-03 15:12:33,16,1,270781620732862
168855221010661,2010,N,10,DE,Delaware,24,Y,"Annual 100% 2006-2010 current area and volume; 40% annual remeasurement complete; GRM estimates for 40% annual remeasurement.
",2008-10-27 10:42:14,2021-05-03 10:18:09,6,2,270781619732862
220913566010661,2011,N,10,DE,Delaware,24,Y,Annual 100% 2007-2011 current area and volume; 60% annual remeasurement complete; GRM estimates for 60% annual remeasurement.,2009-12-10 08:27:50,2021-05-03 10:18:09,6,3,270781619732862
247050492010661,2012,N,10,DE,Delaware,24,Y,Annual 100% 2008-2012 current area and volume; 80% annual remeasurement complete; GRM estimates for 80% annual remeasurement.,2011-03-28 07:01:23,2021-05-03 10:18:09,6,4,270781619732862
14262915020004,2013,N,10,DE,Delaware,24,Y,Annual 100% 2009-2013 current area and volume; 100% annual remeasurement complete; GRM estimates for 100% annual remeasurement.,2012-01-04 11:03:27,2021-05-03 10:18:09,6,5,270781619732862
168258949020004,2014,N,10,DE,Delaware,24,Y,Annual 100% current area and volume; 100% growth removals and mortality ;2012-2014 advanced tree regeneration on P2 plus subsample (12%);; Survey modified from 14 subpanels to 10 subpanels on 02-DEC-13 by MAH;,2013-01-15 08:18:23,2021-05-03 10:18:09,7,1,270781619732862
221588953020004,2015,N,10,DE,Delaware,24,Y,"Annual 100% current area and volume; 100% growth removals and mortality ;2012-2015 advanced tree regeneration on P2 plus subsample (12%);; Survey comprised of 10 subpanels ;
",2013-11-26 13:41:31,2021-05-03 10:18:09,7,2,270781619732862
304032332489998,2016,N,10,DE,Delaware,24,Y,DE 2016: includes 10 subpanels from 2011-2016. Statewide 2x intensification.,2015-02-18 13:07:44,2021-05-03 10:18:09,7,3,270781619732862
362468456489998,2017,N,10,DE,Delaware,24,Y,"DE 2017: includes 10 subpanels from 2011-2017. Statewide 2x intensification. Annual 100% current area, volume & GRM;",2015-11-30 07:09:53,2021-05-03 10:18:09,7,4,270781619732862
444146961489998,2018,N,10,DE,Delaware,24,Y,"DE 2018: includes 10 subpanels from 2012-2018. Statewide 2x intensification. Annual 100% current area, volume & GRM;",2017-01-17 11:19:14,2021-05-03 10:18:09,7,5,270781619732862
504498680126144,2019,N,10,DE,Delaware,24,Y,"DE 2019: includes 10 subpanels from 2013-2019. Statewide 2x intensification. Annual 100% current area, volume & GRM;",2018-02-13 15:27:54,2021-05-03 10:18:09,7,6,270781619732862
567159716126144,2020,N,10,DE,Delaware,24,Y,"DE 2020: includes 10 subpanels from 2014-2020. Statewide 2x intensification. Annual 100% current area, volume & GRM;",2018-12-10 10:58:13,2022-07-26 13:40:05,7,7,270781619732862
719100132290487,2021,N,10,DE,Delaware,24,Y,"DE 2021: includes 10 subpanels from 2015-2021. Statewide 2x intensification. Annual 100% current area, volume & GRM;",2020-01-30 11:29:09,2022-12-09 11:26:35,8,1,270781619732862
809904898290487,2022,N,10,DE,Delaware,24,Y,"DE 2022: includes 10 subpanels from 2016-2022. Statewide 2x intensification. Annual 100% current area, volume & GRM;",2021-01-05 09:49:56,2024-10-15 11:12:46,8,2,270781619732862
928355099290487,2023,N,10,DE,Delaware,24,Y,"DE 2023: includes 10 subpanels from 2017-2023. Statewide 2x intensification. Annual 100% current area, volume & GRM;",2021-11-01 15:29:32,2025-02-03 08:27:45,8,3,270781619732862
