"VOLUME_REG","variable","STATUSCD","CRM","CRM2","DIFF","PDIFF","VAR2"
"Alaska","BIOMASS",1,1500580603398.24,1680280076359.53,179699472961.297,11.9753295860514,"Total aboveground biomass"
"Alaska","CARBON",1,750290303465.658,835760143487.024,85469840021.3665,11.3915693201117,"Total aboveground carbon"
"Alaska","VMERIB",1,42448689204.0574,44398666877.6344,1949977673.57698,4.59372882918277,"Merchantable wood volume"
"Alaska","VSAWIB",1,41678384532.5843,38955312564.0563,-2723071968.52792,-6.53353530629051,"Sawlog wood volume"
"Alaska","WMERBCH",1,193010593755.706,360184049640.944,167173455885.238,86.6136167099876,"Top and limb weight"
"Alaska","WMEROB",1,1196464993665.77,1207697623051.49,11232629385.7236,0.938818055287076,"Merch bole wood and bark weight"
"Alaska","WSTPOB",1,59664517632.0239,51333001976.0645,-8331515655.95946,-13.9639370041394,"Stump wood and bark weight"
"Alaska","BIOMASS",2,176094345853.225,243997994882.101,67903649028.8755,38.5609479395058,"Total aboveground biomass"
"Alaska","CARBON",2,88047173098.5125,121254293595.609,33207120497.0966,37.7151466974897,"Total aboveground carbon"
"Alaska","VMERIB",2,5772550148.1022,6039053102.04394,266502953.941741,4.61672825881569,"Merchantable wood volume"
"Alaska","WMERBCH",2,10151467835.259,30241191807.0054,20089723971.7463,197.899695864364,"Top and limb weight"
"Alaska","WMEROB",2,152870193388.902,198032153741.242,45161960352.3405,29.5426854321094,"Merch bole wood and bark weight"
"Alaska","WSTPOB",2,11070734230.2412,13683909882.5161,2613175652.27487,23.6043571991514,"Stump wood and bark weight"
"CA Mixed Conifer Group","BIOMASS",1,1677456431605.77,1861500298944.33,184043867338.569,10.9716034271239,"Total aboveground biomass"
"CA Mixed Conifer Group","CARBON",1,838728216810.336,944045039407.875,105316822597.539,12.5567282090564,"Total aboveground carbon"
"CA Mixed Conifer Group","VMERIB",1,44319065068.6968,43545277964.7086,-773787103.988213,-1.7459463614334,"Merchantable wood volume"
"CA Mixed Conifer Group","WMERBCH",1,233680635246.032,346051304679.263,112370669433.23,48.0872834477363,"Top and limb weight"
"CA Mixed Conifer Group","WMEROB",1,1348203372382.52,1431310493112.66,83107120730.1406,6.16428666717212,"Merch bole wood and bark weight"
"CA Mixed Conifer Group","WSTPOB",1,56745448479.3797,50316775031.2712,-6428673448.10855,-11.3289675566572,"Stump wood and bark weight"
"CA Mixed Conifer Group","BIOMASS",2,169139710056.476,233999555007.71,64859844951.2336,38.3469056022247,"Total aboveground biomass"
"CA Mixed Conifer Group","CARBON",2,84569855117.7683,118615654892.886,34045799775.118,40.2576068360378,"Total aboveground carbon"
"CA Mixed Conifer Group","VMERIB",2,5941395263.08005,5720514649.60744,-220880613.472606,-3.71765559590291,"Merchantable wood volume"
"CA Mixed Conifer Group","WMERBCH",2,16311097940.0071,29346883725.2863,13035785785.2791,79.9197321555255,"Top and limb weight"
"CA Mixed Conifer Group","WMEROB",2,143488077362.281,194288291777.115,50800214414.8332,35.4037877910733,"Merch bole wood and bark weight"
"CA Mixed Conifer Group","WSTPOB",2,7272300797.29722,8742431974.41802,1470131177.1208,20.2154891292063,"Stump wood and bark weight"
"CA Mixed Conifer Group","VSAWIB",1,39862516270.431,39621157825.7282,-241358444.702873,-0.605477193324864,"Sawlog wood volume"
"CA Other Forest Groups","BIOMASS",1,2426395265062.43,2582013607523.96,155618342461.536,6.41356108389588,"Total aboveground biomass"
"CA Other Forest Groups","CARBON",1,1213197634211.62,1289316727444.94,76119093233.3174,6.27425335219863,"Total aboveground carbon"
"CA Other Forest Groups","VMERIB",1,59378783460.9587,56303871451.7551,-3074912009.20353,-5.17846919384139,"Merchantable wood volume"
"CA Other Forest Groups","WMERBCH",1,352910143181.274,581100762264.047,228190619082.773,64.6596941152698,"Top and limb weight"
"CA Other Forest Groups","WMEROB",1,1906467697993.22,1844899909920.65,-61567788072.572,-3.22941679722029,"Merch bole wood and bark weight"
"CA Other Forest Groups","WSTPOB",1,92087039905.3321,84911464729.0551,-7175575176.27698,-7.79216617631934,"Stump wood and bark weight"
"CA Other Forest Groups","BIOMASS",2,168174177201.63,218134384053.95,49960206852.3202,29.7074186320657,"Total aboveground biomass"
"CA Other Forest Groups","CARBON",2,84087088712.7834,109251378557.569,25164289844.7851,29.9264610417646,"Total aboveground carbon"
"CA Other Forest Groups","VMERIB",2,5644829042.57676,5088782865.79928,-556046176.777478,-9.8505406024423,"Merchantable wood volume"
"CA Other Forest Groups","WMERBCH",2,16007249316.5383,32482125059.9115,16474875743.3732,102.921341559613,"Top and limb weight"
"CA Other Forest Groups","WMEROB",2,141185451230.385,171855064204.82,30669612974.4352,21.7229273322142,"Merch bole wood and bark weight"
"CA Other Forest Groups","WSTPOB",2,7978904943.19214,11149061599.9924,3170156656.80029,39.7317260873645,"Stump wood and bark weight"
"CA Other Forest Groups","VSAWIB",1,49331248261.7084,48663860084.2933,-667388177.415031,-1.35287105218675,"Sawlog wood volume"
"Central States","BIOMASS",1,2519916805953.34,3305841862019.01,785925056065.674,31.1885318677551,"Total aboveground biomass"
"Central States","CARBON",1,1259958404746.27,1578538761596.85,318580356850.583,25.2849900163759,"Total aboveground carbon"
"Central States","VMERIB",1,48927375368.9048,58005549858.5358,9078174489.63098,18.5543868257452,"Merchantable wood volume"
"Central States","WMERBCH",1,450663041043.743,967142594564.34,516479553520.597,114.604373219606,"Top and limb weight"
"Central States","WMEROB",1,1899318044120.18,2142178757760.55,242860713640.374,12.7867322901613,"Merch bole wood and bark weight"
"Central States","WSTPOB",1,109409209276.864,126265151089.129,16855941812.2655,15.4063281543431,"Stump wood and bark weight"
"Central States","VSAWIB",1,26445230211.3142,32224974475.644,5779744264.32982,21.8555263771425,"Sawlog wood volume"
"Central States","BIOMASS",2,40010038655.3864,61099666554.5337,21089627899.1473,52.7108410986454,"Total aboveground biomass"
"Central States","CARBON",2,20005019428.9401,29052017804.1306,9046998375.1905,45.2236420330727,"Total aboveground carbon"
"Central States","VMERIB",2,1028435623.42798,1122709869.96252,94274246.5345427,9.16676205947711,"Merchantable wood volume"
"Central States","WMERBCH",2,3612007452.72414,9688080250.62484,6076072797.9007,168.218722619694,"Top and limb weight"
"Central States","WMEROB",2,27778706695.0204,41982491001.8338,14203784306.8134,51.1319136011454,"Merch bole wood and bark weight"
"Central States","WSTPOB",2,2410013732.94649,3232094786.95573,822081054.009236,34.1110526786981,"Stump wood and bark weight"
"Eastern MT","BIOMASS",1,66187232661.0713,85413816152.0688,19226583490.9976,29.0487798295666,"Total aboveground biomass"
"Eastern MT","CARBON",1,33093616461.9743,43434189222.9872,10340572761.0129,31.2464271558069,"Total aboveground carbon"
"Eastern MT","VMERIB",1,1737865663.99541,1879332098.83897,141466434.843565,8.14023993766754,"Merchantable wood volume"
"Eastern MT","VSAWIB",1,1207772983.8298,1335061635.20548,127288651.375675,10.5391206029504,"Sawlog wood volume"
"Eastern MT","WMERBCH",1,9315916398.76202,23923866537.3384,14607950138.5763,156.806367868625,"Top and limb weight"
"Eastern MT","WMEROB",1,50875990256.9872,52490110514.948,1614120257.96075,3.17265619756476,"Merch bole wood and bark weight"
"Eastern MT","WSTPOB",1,2536369858.60431,3410820782.82929,874450924.224977,34.4764751583257,"Stump wood and bark weight"
"Eastern MT","BIOMASS",2,7491747562.92092,11380108383.4865,3888360820.56553,51.9019199179946,"Total aboveground biomass"
"Eastern MT","CARBON",2,3745873791.03986,5793507070.21395,2047633279.17409,54.6637018062924,"Total aboveground carbon"
"Eastern MT","VMERIB",2,231769903.912813,276159052.416762,44389148.5039485,19.1522487409093,"Merchantable wood volume"
"Eastern MT","WMERBCH",2,834774194.395505,2694954914.4391,1860180720.0436,222.836394863719,"Top and limb weight"
"Eastern MT","WMEROB",2,6237141422.80722,8018916470.80844,1781775048.00121,28.5671740821177,"Merch bole wood and bark weight"
"Eastern MT","WSTPOB",2,355672558.943229,557725886.305475,202053327.362246,56.8088041322574,"Stump wood and bark weight"
"Eastern OR","BIOMASS",1,978295398890.591,1151189911018.98,172894512128.39,17.673037440885,"Total aboveground biomass"
"Eastern OR","CARBON",1,489147700721.882,577106113916.957,87958413195.0745,17.981974169615,"Total aboveground carbon"
"Eastern OR","VMERIB",1,26774839250.1549,27187612019.3299,412772769.175003,1.54164424786459,"Merchantable wood volume"
"Eastern OR","WMERBCH",1,128690880108.302,256958433562.555,128267553454.253,99.6710515510564,"Top and limb weight"
"Eastern OR","WMEROB",1,774381395630.913,811887044314.182,37505648683.2698,4.84330446145504,"Merch bole wood and bark weight"
"Eastern OR","WSTPOB",1,36147332604.7336,35285343895.307,-861988709.426598,-2.38465371387796,"Stump wood and bark weight"
"Eastern OR","VSAWIB",1,23815528933.9714,23147831482.0967,-667697451.874748,-2.80362218166953,"Sawlog wood volume"
"Eastern OR","BIOMASS",2,104956740555.591,144205963621.984,39249223066.3931,37.3956192414383,"Total aboveground biomass"
"Eastern OR","CARBON",2,52478370355.0623,71797275555.9906,19318905200.9282,36.813081409005,"Total aboveground carbon"
"Eastern OR","VMERIB",2,3739952345.0685,3692953250.39163,-46999094.676867,-1.25667629799722,"Merchantable wood volume"
"Eastern OR","WMERBCH",2,8076436872.39075,22379688803.8725,14303251931.4817,177.098541813374,"Top and limb weight"
"Eastern OR","WMEROB",2,90905055189.1815,114733398452.535,23828343263.3532,26.2123412320298,"Merch bole wood and bark weight"
"Eastern OR","WSTPOB",2,5083201003.28843,6030493701.48693,947292698.198507,18.6357513225561,"Stump wood and bark weight"
"Eastern WA","BIOMASS",1,929389390488.439,1001845534942.8,72456144454.3577,7.7961019563908,"Total aboveground biomass"
"Eastern WA","CARBON",1,464694696183.534,502045425004.183,37350728820.6488,8.03769208631055,"Total aboveground carbon"
"Eastern WA","VMERIB",1,25111677705.5419,25065470265.1197,-46207440.4221992,-0.184007779026257,"Merchantable wood volume"
"Eastern WA","WMERBCH",1,123437601122.77,187064001844.377,63626400721.6067,51.5453963321308,"Top and limb weight"
"Eastern WA","WMEROB",1,739688547230.826,746337111854.816,6648564623.99048,0.898832981648929,"Merch bole wood and bark weight"
"Eastern WA","WSTPOB",1,35835848761.4367,30410798927.8576,-5425049833.57908,-15.1386112540385,"Stump wood and bark weight"
"Eastern WA","VSAWIB",1,21999895492.6604,21018910906.2263,-980984586.434166,-4.45904202936527,"Sawlog wood volume"
"Eastern WA","BIOMASS",2,162635887232.855,206427963204.247,43792075971.3921,26.9264531441898,"Total aboveground biomass"
"Eastern WA","CARBON",2,81317943729.6966,102526135843.257,21208192113.5607,26.0805809158891,"Total aboveground carbon"
"Eastern WA","VMERIB",2,5702687820.14644,5606404378.47227,-96283441.6741648,-1.6883870327605,"Merchantable wood volume"
"Eastern WA","WMERBCH",2,13696782403.7668,33008592222.4825,19311809818.7157,140.99522975122,"Top and limb weight"
"Eastern WA","WMEROB",2,139337694378.215,163382553342.112,24044858963.8965,17.2565356927966,"Merch bole wood and bark weight"
"Eastern WA","WSTPOB",2,7897307181.67737,7878625259.99726,-18681921.6801119,-0.23656065606079,"Stump wood and bark weight"
"Eastern WY and Eastern CO","BIOMASS",1,46374632271.4323,54126050029.1636,7751417757.73125,16.7147799951533,"Total aboveground biomass"
"Eastern WY and Eastern CO","CARBON",1,23187316200.2968,27442375890.4768,4255059690.17995,18.3508071974517,"Total aboveground carbon"
"Eastern WY and Eastern CO","VMERIB",1,1218837266.4574,1185576516.45546,-33260750.0019429,-2.72889178213402,"Merchantable wood volume"
"Eastern WY and Eastern CO","WMERBCH",1,6644111870.84023,15562425265.3377,8918313394.49743,134.228826483766,"Top and limb weight"
"Eastern WY and Eastern CO","WMEROB",1,36131368329.4873,34103302264.7963,-2028066064.69097,-5.61303420949003,"Merch bole wood and bark weight"
"Eastern WY and Eastern CO","WSTPOB",1,1748126860.02896,1991251035.77356,243124175.744603,13.9076963636709,"Stump wood and bark weight"
"Eastern WY and Eastern CO","VSAWIB",1,904031307.812628,913432813.78406,9401505.97143233,1.03995358237979,"Sawlog wood volume"
"Eastern WY and Eastern CO","BIOMASS",2,1879410597.26775,3009560977.22124,1130150379.95349,60.1332344085152,"Total aboveground biomass"
"Eastern WY and Eastern CO","CARBON",2,939705302.001624,1523496879.15759,583791577.155966,62.1249636362014,"Total aboveground carbon"
"Eastern WY and Eastern CO","VMERIB",2,51496854.52492,62312397.9902101,10815543.4652901,21.002338036115,"Merchantable wood volume"
"Eastern WY and Eastern CO","WMERBCH",2,142753743.768761,703535515.843137,560781772.074376,392.831569435233,"Top and limb weight"
"Eastern WY and Eastern CO","WMEROB",2,1534721545.69227,2070714621.82445,535993076.132184,34.9244511251331,"Merch bole wood and bark weight"
"Eastern WY and Eastern CO","WSTPOB",2,97720981.0141888,170352880.180207,72631899.1660187,74.3257982187804,"Stump wood and bark weight"
"ID and Western MT","BIOMASS",1,3113540156700.53,3524855957963.58,411315801263.06,13.2105507095479,"Total aboveground biomass"
"ID and Western MT","CARBON",1,1556770082973.13,1758119800667.29,201349717694.159,12.9338121214161,"Total aboveground carbon"
"ID and Western MT","VMERIB",1,86063982365.6455,85200731591.9299,-863250773.715652,-1.00303373140242,"Merchantable wood volume"
"ID and Western MT","WMERBCH",1,413565997506.859,789343147400.76,375777149893.901,90.8626802394869,"Top and limb weight"
"ID and Western MT","WMEROB",1,2423052654783.39,2438214380210.13,15161725426.7373,0.625728268711218,"Merch bole wood and bark weight"
"ID and Western MT","WSTPOB",1,124542443703.548,110920049055.093,-13622394648.4546,-10.9379535549185,"Stump wood and bark weight"
"ID and Western MT","VSAWIB",1,64144783198.4504,65574193944.4064,1429410745.95596,2.22841309095031,"Sawlog wood volume"
"ID and Western MT","BIOMASS",2,679163146287.442,958758495799.59,279595349512.148,41.1676268125737,"Total aboveground biomass"
"ID and Western MT","CARBON",2,339581573764.565,476435401500.017,136853827735.452,40.300722509265,"Total aboveground carbon"
"ID and Western MT","VMERIB",2,22213256639.0429,23051556912.2423,838300273.199375,3.77387380347438,"Merchantable wood volume"
"ID and Western MT","WMERBCH",2,66202193816.7065,218499351009.908,152297157193.202,230.048505061427,"Top and limb weight"
"ID and Western MT","WMEROB",2,572310330133.849,695369952226.144,123059622092.295,21.5022542164344,"Merch bole wood and bark weight"
"ID and Western MT","WSTPOB",2,34015887436.6279,36752199263.7796,2736311827.15165,8.04421708017888,"Stump wood and bark weight"
"Jackson and Josephine Counties OR","BIOMASS",1,401657518269.386,419960953463.417,18303435194.0315,4.5569756226387,"Total aboveground biomass"
"Jackson and Josephine Counties OR","CARBON",1,200828759425.385,211911509588.627,11082750163.242,5.51850750607242,"Total aboveground carbon"
"Jackson and Josephine Counties OR","VMERIB",1,9771795460.48519,9623750835.86415,-148044624.621042,-1.51501968312476,"Merchantable wood volume"
"Jackson and Josephine Counties OR","VSAWIB",1,8372203479.05761,8333488463.27463,-38715015.7829771,-0.462423254282097,"Sawlog wood volume"
"Jackson and Josephine Counties OR","WMERBCH",1,57924279191.7518,68227147307.7136,10302868115.9617,17.7867869220353,"Top and limb weight"
"Jackson and Josephine Counties OR","WMEROB",1,315817947312.283,327012401332.831,11194454020.5479,3.54459083652986,"Merch bole wood and bark weight"
"Jackson and Josephine Counties OR","WSTPOB",1,14856667997.6636,12077634239.6201,-2779033758.04353,-18.7056327736513,"Stump wood and bark weight"
"Jackson and Josephine Counties OR","BIOMASS",2,33780939436.2219,48877877348.5565,15096937912.3347,44.6906988505679,"Total aboveground biomass"
"Jackson and Josephine Counties OR","CARBON",2,16890469738.5744,24636863978.452,7746394239.87759,45.8625151329356,"Total aboveground carbon"
"Jackson and Josephine Counties OR","VMERIB",2,1197887763.65268,1164940368.4762,-32947395.1764798,-2.75045761182286,"Merchantable wood volume"
"Jackson and Josephine Counties OR","WMERBCH",2,2813824364.83006,4847974668.9508,2034150304.12074,72.2913032364616,"Top and limb weight"
"Jackson and Josephine Counties OR","WMEROB",2,28781316034.2959,41745144010.1457,12963827975.8498,45.0425128593913,"Merch bole wood and bark weight"
"Jackson and Josephine Counties OR","WSTPOB",2,1703168526.68961,1902364683.02256,199196156.332951,11.6956222012933,"Stump wood and bark weight"
"Lake States","BIOMASS",1,3805938111179.86,4812199292564.5,1006261181384.64,26.4392418370854,"Total aboveground biomass"
"Lake States","CARBON",1,1902969060619.85,2345521671850.77,442552611230.915,23.255901548224,"Total aboveground carbon"
"Lake States","VMERIB",1,86023165148.792,97752796514.1749,11729631365.3829,13.6354333685519,"Merchantable wood volume"
"Lake States","WMERBCH",1,689279574865.579,1244200062672.64,554920487807.057,80.5073163404378,"Top and limb weight"
"Lake States","WMEROB",1,2779043694547.31,3164417691500.22,385373996952.909,13.8671442161576,"Merch bole wood and bark weight"
"Lake States","WSTPOB",1,160176430625.81,171311021980.82,11134591355.01,6.95145428794177,"Stump wood and bark weight"
"Lake States","VSAWIB",1,41098021625.9236,48482581515.5638,7384559889.64021,17.9681639103091,"Sawlog wood volume"
"Lake States","BIOMASS",2,73511350126.7679,117022885416.538,43511535289.7697,59.1902273794938,"Total aboveground biomass"
"Lake States","CARBON",2,36755675476.7434,56971853964.1953,20216178487.4519,55.0015153448706,"Total aboveground carbon"
"Lake States","VMERIB",2,2145648718.46397,2430920812.54776,285272094.083789,13.2953773667113,"Merchantable wood volume"
"Lake States","WMERBCH",2,5543213734.90179,14413350562.6173,8870136827.71552,160.017947203919,"Top and limb weight"
"Lake States","WMEROB",2,46241716886.6206,77368446435.3843,31126729548.7637,67.3130922562476,"Merch bole wood and bark weight"
"Lake States","WSTPOB",2,4111480100.08122,5953206602.00794,1841726501.92672,44.794732239865,"Stump wood and bark weight"
"Nevada","BIOMASS",1,34725486956.0048,39769758234.5911,5044271278.5863,14.5261354721306,"Total aboveground biomass"
"Nevada","CARBON",1,17362743571.6149,19687741789.7664,2324998218.15159,13.3907306098362,"Total aboveground carbon"
"Nevada","VMERIB",1,944230836.321421,842237713.501609,-101993122.819812,-10.8017148875546,"Merchantable wood volume"
"Nevada","WMERBCH",1,4710323628.48629,13560247377.4516,8849923748.96529,187.883560599621,"Top and limb weight"
"Nevada","WMEROB",1,25987259023.8064,22687002789.8895,-3300256233.91696,-12.6995164472469,"Merch bole wood and bark weight"
"Nevada","WSTPOB",1,1220556539.32943,1448416759.84408,227860220.514654,18.6685510398265,"Stump wood and bark weight"
"Nevada","BIOMASS",2,5886031940.74718,8429434414.94258,2543402474.19541,43.2108167233722,"Total aboveground biomass"
"Nevada","CARBON",2,2943015977.09672,4188805867.78311,1245789890.68639,42.330381499164,"Total aboveground carbon"
"Nevada","VMERIB",2,196227562.326745,178084165.324138,-18143397.0026071,-9.24610018463968,"Merchantable wood volume"
"Nevada","WMERBCH",2,630355532.783753,2626149719.03737,1995794186.25362,316.614050715136,"Top and limb weight"
"Nevada","WMEROB",2,4818888868.47423,5359981803.72547,541092935.251232,11.2285829787678,"Merch bole wood and bark weight"
"Nevada","WSTPOB",2,272716453.707382,354971118.921903,82254665.2145214,30.1612404005439,"Stump wood and bark weight"
"Nevada","VSAWIB",1,681755172.044494,594896702.945536,-86858469.0989586,-12.7404195319093,"Sawlog wood volume"
"Northeastern States","BIOMASS",1,10725054250622.2,11793137729040.6,1068083478418.41,9.9587699368182,"Total aboveground biomass"
"Northeastern States","CARBON",1,5362527133550.75,5680993826348.79,318466692798.047,5.93874277680675,"Total aboveground carbon"
"Northeastern States","VMERIB",1,229387852972.948,226582317277.127,-2805535695.82117,-1.22305329574362,"Merchantable wood volume"
"Northeastern States","WMERBCH",1,1901440207645.63,3141104983619.42,1239664775973.79,65.1960956221048,"Top and limb weight"
"Northeastern States","WMEROB",1,8067535017190.34,7878513992094.58,-189021025095.757,-2.34298363369964,"Merch bole wood and bark weight"
"Northeastern States","WSTPOB",1,450029719650.094,413110228289.354,-36919491360.7402,-8.20378960515002,"Stump wood and bark weight"
"Northeastern States","VSAWIB",1,131884961658.488,133262825848.84,1377864190.35211,1.04474700756258,"Sawlog wood volume"
"Northeastern States","BIOMASS",2,115807706584.74,222851703744.298,107043997159.558,92.4325334784444,"Total aboveground biomass"
"Northeastern States","CARBON",2,57903853810.5051,107647986036.599,49744132226.0937,85.9081545571826,"Total aboveground carbon"
"Northeastern States","VMERIB",2,2507937285.59673,4674239308.63342,2166302023.03669,86.3778386914983,"Merchantable wood volume"
"Northeastern States","WMERBCH",2,10560436758.3776,27269198430.5859,16708761672.2083,158.220365828651,"Top and limb weight"
"Northeastern States","WMEROB",2,72758222663.9339,157003639198.394,84245416534.4603,115.788172731466,"Merch bole wood and bark weight"
"Northeastern States","WSTPOB",2,6065649768.11422,11774129592.324,5708479824.20982,94.1115963242393,"Stump wood and bark weight"
"Northern NM and Northern AZ","BIOMASS",2,40833489326.6579,60592605749.2324,19759116422.5745,48.3894880119267,"Total aboveground biomass"
"Northern NM and Northern AZ","CARBON",2,20416744712.9713,30120490502.5382,9703745789.56697,47.5283691204795,"Total aboveground carbon"
"Northern NM and Northern AZ","VMERIB",2,1322693829.02861,1424207767.60264,101513938.574026,7.67478734278041,"Merchantable wood volume"
"Northern NM and Northern AZ","WMERBCH",2,4594695371.34173,14659277912.5266,10064582541.1848,219.047874293477,"Top and limb weight"
"Northern NM and Northern AZ","WMEROB",2,33728030426.99,42679522946.6999,8951492519.70985,26.5402171617666,"Merch bole wood and bark weight"
"Northern NM and Northern AZ","WSTPOB",2,1955826512.39009,2587281155.49365,631454643.103565,32.2858208078949,"Stump wood and bark weight"
"Northern NM and Northern AZ","BIOMASS",1,311431619297.452,376129653896.494,64698034599.0421,20.7743949522506,"Total aboveground biomass"
"Northern NM and Northern AZ","CARBON",1,155715810012.834,189657630662.71,33941820649.8759,21.7972861246899,"Total aboveground carbon"
"Northern NM and Northern AZ","VMERIB",1,8564648886.61137,8594784314.58575,30135427.9743814,0.351858300011463,"Merchantable wood volume"
"Northern NM and Northern AZ","VSAWIB",1,6990950234.56567,6713787316.4471,-277162918.118573,-3.96459578196086,"Sawlog wood volume"
"Northern NM and Northern AZ","WMERBCH",1,44367861087.1527,101925463442.865,57557602355.7123,129.728143176996,"Top and limb weight"
"Northern NM and Northern AZ","WMEROB",1,245233618308.41,248488530991.712,3254912683.30206,1.32727017843395,"Merch bole wood and bark weight"
"Northern NM and Northern AZ","WSTPOB",1,11795342775.1659,12740219291.5652,944876516.399231,8.01058972519718,"Stump wood and bark weight"
"Northern and Eastern UT","BIOMASS",1,145438338401.997,165531193968.696,20092855566.6994,13.8153775596377,"Total aboveground biomass"
"Northern and Eastern UT","CARBON",1,72719169520.5902,81729645917.3911,9010476396.80092,12.3907856156823,"Total aboveground carbon"
"Northern and Eastern UT","VMERIB",1,4036424828.75361,3650924473.55136,-385500355.20225,-9.55053968690623,"Merchantable wood volume"
"Northern and Eastern UT","WMERBCH",1,21032994059.7593,46224460501.5648,25191466441.8055,119.771186024353,"Top and limb weight"
"Northern and Eastern UT","WMEROB",1,107139853238.38,100776947285.069,-6362905953.31126,-5.93887872811823,"Merch bole wood and bark weight"
"Northern and Eastern UT","WSTPOB",1,5397506595.15958,5539193713.17723,141687118.017652,2.62504761262756,"Stump wood and bark weight"
"Northern and Eastern UT","VSAWIB",1,2734318945.21105,2412592365.92466,-321726579.286389,-11.7662418222961,"Sawlog wood volume"
"Northern and Eastern UT","BIOMASS",2,39052112266.2775,54938209599.0787,15886097332.8012,40.6792268353669,"Total aboveground biomass"
"Northern and Eastern UT","CARBON",2,19526056171.2296,27239802491.0984,7713746319.86887,39.5048864564602,"Total aboveground carbon"
"Northern and Eastern UT","VMERIB",2,1373133665.17673,1236204415.57304,-136929249.603699,-9.97202625471096,"Merchantable wood volume"
"Northern and Eastern UT","WMERBCH",2,3950126153.51865,17344346620.9254,13394220467.4067,339.083359539684,"Top and limb weight"
"Northern and Eastern UT","WMEROB",2,32911303370.7608,35270764640.1886,2359461269.42777,7.16915171315874,"Merch bole wood and bark weight"
"Northern and Eastern UT","WSTPOB",2,1837947443.14946,2003585999.5288,165638556.37934,9.01214868775065,"Stump wood and bark weight"
"Plains States","BIOMASS",1,380163266167.149,414013026639.79,33849760472.6416,8.90400611661377,"Total aboveground biomass"
"Plains States","CARBON",1,190081633418.061,199731711465.34,9650078047.27911,5.07680719791321,"Total aboveground carbon"
"Plains States","VMERIB",1,8474129908.19396,7395574947.60169,-1078554960.59227,-12.7276189092803,"Merchantable wood volume"
"Plains States","VSAWIB",1,3230801451.0904,3090788285.47978,-140013165.610619,-4.33369762055061,"Sawlog wood volume"
"Plains States","WMERBCH",1,64197602257.2519,141521675618.079,77324073360.8271,120.446980326422,"Top and limb weight"
"Plains States","WMEROB",1,289318470959.532,241553293091.923,-47765177867.609,-16.5095500847888,"Merch bole wood and bark weight"
"Plains States","WSTPOB",1,16923813579.4364,18723761427.0159,1799947847.57952,10.6355924988833,"Stump wood and bark weight"
"Plains States","BIOMASS",2,14534074952.4382,17680450011.287,3146375058.84881,21.6482649851822,"Total aboveground biomass"
"Plains States","CARBON",2,7267037498.06908,8827121521.06956,1560084023.00048,21.4679506389641,"Total aboveground carbon"
"Plains States","VMERIB",2,462722405.799968,373485750.035345,-89236655.7646227,-19.2851382699629,"Merchantable wood volume"
"Plains States","WMERBCH",2,1154859444.58248,4155823479.26086,3000964034.67838,259.855348523675,"Top and limb weight"
"Plains States","WMEROB",2,11662473188.1036,11690295149.4212,27821961.3175716,0.238559702293264,"Merch bole wood and bark weight"
"Plains States","WSTPOB",2,760641483.88847,924668850.875837,164027366.987367,21.5643467338704,"Stump wood and bark weight"
"Puerto Rico","BIOMASS",1,82439638681.3696,82493860252.9068,54221571.5372162,0.0657712386959668,"Total aboveground biomass"
"Puerto Rico","CARBON",1,41219819574.2887,39128746774.614,-2091072799.67469,-5.07297902142934,"Total aboveground carbon"
"Puerto Rico","VMERIB",1,1407088632.73279,1240559144.69689,-166529488.035903,-11.8350389706778,"Merchantable wood volume"
"Puerto Rico","WMERBCH",1,13132434460.0336,21191122742.7401,8058688282.7065,61.3647706160789,"Top and limb weight"
"Puerto Rico","WMEROB",1,52690346461.0338,44638468794.7523,-8051877666.28144,-15.281504501467,"Merch bole wood and bark weight"
"Puerto Rico","WSTPOB",1,3693132289.53016,3625027289.80028,-68104999.7298827,-1.84409856974138,"Stump wood and bark weight"
"Southern NM and Southern AZ","BIOMASS",1,311289452190.388,386784754943.528,75495302753.1405,24.2524448618217,"Total aboveground biomass"
"Southern NM and Southern AZ","CARBON",1,155644726365.795,197079042326.471,41434315960.6769,26.6210856789959,"Total aboveground carbon"
"Southern NM and Southern AZ","VMERIB",1,8460711932.76464,8634206056.40892,173494123.64428,2.05058540017671,"Merchantable wood volume"
"Southern NM and Southern AZ","VSAWIB",1,7409267549.98012,7257448627.5009,-151818922.479225,-2.04904089986105,"Sawlog wood volume"
"Southern NM and Southern AZ","WMERBCH",1,43336166041.5956,94109904138.3617,50773738096.7662,117.162505903341,"Top and limb weight"
"Southern NM and Southern AZ","WMEROB",1,249955881565.631,270599360325.098,20643478759.4671,8.25884897373246,"Merch bole wood and bark weight"
"Southern NM and Southern AZ","WSTPOB",1,11588411674.4929,12283329319.7169,694917645.223982,5.99665998019001,"Stump wood and bark weight"
"Southern NM and Southern AZ","BIOMASS",2,43702348955.3471,68140218578.9511,24437869623.604,55.9188927088872,"Total aboveground biomass"
"Southern NM and Southern AZ","CARBON",2,21851174509.0534,34482479510.1057,12631305001.0523,57.8060689406827,"Total aboveground carbon"
"Southern NM and Southern AZ","VMERIB",2,1395391162.41973,1570082964.72053,174691802.300797,12.5191994191698,"Merchantable wood volume"
"Southern NM and Southern AZ","WMERBCH",2,4274674665.98709,13269158615.6941,8994483949.70699,210.413298145814,"Top and limb weight"
"Southern NM and Southern AZ","WMEROB",2,37147876101.9369,51752769893.4558,14604893791.519,39.3155553535333,"Merch bole wood and bark weight"
"Southern NM and Southern AZ","WSTPOB",2,2024118401.86866,2755143512.60448,731025110.735815,36.1157287074182,"Stump wood and bark weight"
"Southern States","BIOMASS",1,20876354699120.3,23797415683044.3,2921060983924.08,13.9921984753745,"Total aboveground biomass"
"Southern States","CARBON",1,10438177385836.9,11323375981443.9,885198595607.037,8.48039425741247,"Total aboveground carbon"
"Southern States","VMERIB",1,412881531167.798,426185192705.125,13303661537.3271,3.22214982581054,"Merchantable wood volume"
"Southern States","VSAWIB",1,235803886768.416,241525590195.322,5721703426.90646,2.42646697020977,"Sawlog wood volume"
"Southern States","WMERBCH",1,3288563504238.38,5337869470407.44,2049305966169.06,62.3161439190049,"Top and limb weight"
"Southern States","WMEROB",1,14958155967502.5,15501559984358.2,543404016855.693,3.63282758941858,"Merch bole wood and bark weight"
"Southern States","WSTPOB",1,907925982924.1,922670895874.773,14744912950.6731,1.62402147619843,"Stump wood and bark weight"
"Southern States","BIOMASS",2,416142577189.744,847966712871.157,431824135681.413,103.76831387876,"Total aboveground biomass"
"Southern States","CARBON",2,208071289645.29,403306257204.725,195234967559.436,93.8308057263755,"Total aboveground carbon"
"Southern States","VMERIB",2,10415726943.3791,10992169156.0725,576442212.693422,5.5343445140893,"Merchantable wood volume"
"Southern States","WMERBCH",2,36624957193.0087,121223456309.077,84598499116.0684,230.985933089957,"Top and limb weight"
"Southern States","WMEROB",2,315301772727.97,633972694737.786,318670922009.816,101.068547522805,"Merch bole wood and bark weight"
"Southern States","WSTPOB",2,28292079197.8759,52818600020.5879,24526520822.712,86.690414837215,"Stump wood and bark weight"
"Southern and Western UT","BIOMASS",1,134989007659.594,165336199865.936,30347192206.3422,22.4812321628955,"Total aboveground biomass"
"Southern and Western UT","CARBON",1,67494504117.8077,81774083982.7225,14279579864.9148,21.1566557182057,"Total aboveground carbon"
"Southern and Western UT","VMERIB",1,3710551055.23904,3720827048.68341,10275993.4443727,0.276939820835066,"Merchantable wood volume"
"Southern and Western UT","VSAWIB",1,2759222203.57854,2568624557.88561,-190597645.692929,-6.90765844975209,"Sawlog wood volume"
"Southern and Western UT","WMERBCH",1,20614498485.8168,46182944255.9053,25568445770.0885,124.031374266418,"Top and limb weight"
"Southern and Western UT","WMEROB",1,101033762162.899,104916843455.498,3883081292.59895,3.84335019252096,"Merch bole wood and bark weight"
"Southern and Western UT","WSTPOB",1,4957564975.52643,5565305187.93848,607740212.412052,12.2588451268361,"Stump wood and bark weight"
"Southern and Western UT","BIOMASS",2,38086896401.9936,60833319579.4419,22746423177.4483,59.7224382301146,"Total aboveground biomass"
"Southern and Western UT","CARBON",2,19043448245.6969,29943881840.7375,10900433595.0406,57.2398100092177,"Total aboveground carbon"
"Southern and Western UT","VMERIB",2,1419433324.23075,1457016402.7071,37583078.4763482,2.64775229908851,"Merchantable wood volume"
"Southern and Western UT","WMERBCH",2,3719248379.28049,16630022821.7726,12910774442.4921,347.133967024535,"Top and limb weight"
"Southern and Western UT","WMEROB",2,31669754085.2126,41229929141.1765,9560175055.96393,30.1870833295413,"Merch bole wood and bark weight"
"Southern and Western UT","WSTPOB",2,1852482330.94407,2166904103.98387,314421773.039805,16.972997139442,"Stump wood and bark weight"
"US Virgin Islands","BIOMASS",1,1970800528.73213,1885302817.93885,-85497710.7932858,-4.33822244041555,"Total aboveground biomass"
"US Virgin Islands","CARBON",1,985400280.959593,888829275.94217,-96571005.0174233,-9.80018038186283,"Total aboveground carbon"
"US Virgin Islands","VMERIB",1,20144496.545549,14122388.0040007,-6022108.54154831,-29.894559677536,"Merchantable wood volume"
"US Virgin Islands","WMERBCH",1,213911204.261231,398526455.109097,184615250.847866,86.3046194730459,"Top and limb weight"
"US Virgin Islands","WMEROB",1,754647392.393972,506144283.656031,-248503108.737942,-32.9296981931673,"Merch bole wood and bark weight"
"US Virgin Islands","WSTPOB",1,60163358.5416707,63105668.2633967,2942309.72172593,4.89053436019203,"Stump wood and bark weight"
"US Virgin Islands","VSAWIB",1,0.0124790820855018,377135.782716608,377135.770237526,3022143517.07553,"Sawlog wood volume"
"Western OR","BIOMASS",1,2890480566517.49,2835026068113.15,-55454498404.3428,-1.91852175194367,"Total aboveground biomass"
"Western OR","CARBON",1,1445240284422.1,1442314618182.45,-2925666239.64966,-0.202434589679289,"Total aboveground carbon"
"Western OR","VMERIB",1,74102555135.2182,72830201295.0545,-1272353840.1637,-1.71701750073527,"Merchantable wood volume"
"Western OR","VSAWIB",1,67821718769.1453,65016209061.641,-2805509707.50428,-4.13659482304452,"Sawlog wood volume"
"Western OR","WMERBCH",1,399891607586.285,379416513027.504,-20475094558.7803,-5.12016110624738,"Top and limb weight"
"Western OR","WMEROB",1,2350271030198.31,2341366356974.23,-8904673224.07715,-0.378878568031611,"Merch bole wood and bark weight"
"Western OR","WSTPOB",1,100549355189.97,69239311926.2588,-31310043263.711,-31.1389796628296,"Stump wood and bark weight"
"Western OR","BIOMASS",2,156633870161.075,233579581022.881,76945710861.8058,49.1245672361147,"Total aboveground biomass"
"Western OR","CARBON",2,78316935173.0934,118190405795.654,39873470622.561,50.9129609508263,"Total aboveground carbon"
"Western OR","VMERIB",2,6085936548.07852,5884328525.89658,-201608022.181933,-3.31268689032892,"Merchantable wood volume"
"Western OR","WMERBCH",2,10118740294.9021,17040217546.1656,6921477251.2635,68.4025585156146,"Top and limb weight"
"Western OR","WMEROB",2,136092542289.149,203649797464.882,67557255175.7333,49.6406739409702,"Merch bole wood and bark weight"
"Western OR","WSTPOB",2,8656358041.92741,10880330955.6621,2223972913.73464,25.6917851937586,"Stump wood and bark weight"
"Western WA","BIOMASS",1,1917059911638.91,1844297712687.64,-72762198951.2637,-3.79550991127131,"Total aboveground biomass"
"Western WA","CARBON",1,958529956844.494,935518188362.927,-23011768481.5663,-2.40073545091086,"Total aboveground carbon"
"Western WA","VMERIB",1,50756912491.3924,49820058997.7169,-936853493.675468,-1.84576533065195,"Merchantable wood volume"
"Western WA","WMERBCH",1,265897132918.142,264899865700.58,-997267217.562134,-0.375057529435321,"Top and limb weight"
"Western WA","WMEROB",1,1547404606315.84,1490156469234.3,-57248137081.5364,-3.69962302347261,"Merch bole wood and bark weight"
"Western WA","WSTPOB",1,70256145976.7586,48094579861.8618,-22161566114.8968,-31.5439536382028,"Stump wood and bark weight"
"Western WA","VSAWIB",1,45326157905.0638,42913161085.0906,-2412996819.97318,-5.32362973501356,"Sawlog wood volume"
"Western WA","BIOMASS",2,100464106224.199,150442482292.4,49978376068.2005,49.7474948482266,"Total aboveground biomass"
"Western WA","CARBON",2,50232053188.3933,76275381299.3104,26043328110.9171,51.8460354651294,"Total aboveground carbon"
"Western WA","VMERIB",2,4128354327.12307,4000664494.8137,-127689832.30937,-3.0929959541131,"Merchantable wood volume"
"Western WA","WMERBCH",2,5580345244.20724,8543656320.07338,2963311075.86615,53.102647707008,"Top and limb weight"
"Western WA","WMEROB",2,87594203434.9075,131449170254.44,43854966819.532,50.0660604238741,"Merch bole wood and bark weight"
"Western WA","WSTPOB",2,5834731689.92972,8837225520.66394,3002493830.73422,51.4589871530217,"Stump wood and bark weight"
"Western WA Silver Fir Zone","BIOMASS",1,732469454418.138,706870714215.53,-25598740202.6083,-3.49485429709059,"Total aboveground biomass"
"Western WA Silver Fir Zone","CARBON",1,366234727689.799,352947183795.321,-13287543894.4786,-3.62814962368429,"Total aboveground carbon"
"Western WA Silver Fir Zone","VMERIB",1,19952430728.9762,19328916195.8792,-623514533.097031,-3.12500537687131,"Merchantable wood volume"
"Western WA Silver Fir Zone","WMERBCH",1,96033397713.5845,106339704817.784,10306307104.1996,10.7320029797734,"Top and limb weight"
"Western WA Silver Fir Zone","WMEROB",1,596807180268.468,565554218373.856,-31252961894.6119,-5.2366933455045,"Merch bole wood and bark weight"
"Western WA Silver Fir Zone","WSTPOB",1,25888098231.2783,18768928612.2375,-7119169619.04075,-27.4997782975008,"Stump wood and bark weight"
"Western WA Silver Fir Zone","BIOMASS",2,58768913809.2473,77305660412.3689,18536746603.1216,31.5417546481944,"Total aboveground biomass"
"Western WA Silver Fir Zone","CARBON",2,29384456938.3403,38434462847.8701,9050005909.52978,30.7986155011138,"Total aboveground carbon"
"Western WA Silver Fir Zone","VMERIB",2,2290861614.91736,2139262037.84092,-151599577.076439,-6.61757899688357,"Merchantable wood volume"
"Western WA Silver Fir Zone","WMERBCH",2,3234403132.38169,6529229219.79262,3294826087.41094,101.868133085339,"Top and limb weight"
"Western WA Silver Fir Zone","WMEROB",2,51924765929.8588,66711665132.2821,14786899202.4233,28.477546191345,"Merch bole wood and bark weight"
"Western WA Silver Fir Zone","WSTPOB",2,2932628612.48522,3315452196.34022,382823583.854991,13.0539401486154,"Stump wood and bark weight"
"Western WA Silver Fir Zone","VSAWIB",1,18748153707.3026,17507139342.1627,-1241014365.13989,-6.61939508558918,"Sawlog wood volume"
"Western WY and Western CO","BIOMASS",1,1428989129157.14,1631781327572.63,202792198415.488,14.1913044877466,"Total aboveground biomass"
"Western WY and Western CO","CARBON",1,714494567438.879,802157597346.691,87663029907.8112,12.2692367308041,"Total aboveground carbon"
"Western WY and Western CO","VMERIB",1,41214781974.8891,37588673134.9753,-3626108839.91379,-8.79807842274421,"Merchantable wood volume"
"Western WY and Western CO","WMERBCH",1,204242965226.561,458016887238.075,253773922011.514,124.250997692875,"Top and limb weight"
"Western WY and Western CO","WMEROB",1,1075877084229.37,1007458455542.58,-68418628686.7881,-6.35933506621669,"Merch bole wood and bark weight"
"Western WY and Western CO","WSTPOB",1,55656558678.2089,55092165528.8938,-564393149.315155,-1.01406404333822,"Stump wood and bark weight"
"Western WY and Western CO","VSAWIB",1,27934060837.5829,25126691195.4748,-2807369642.10814,-10.0499875704826,"Sawlog wood volume"
"Western WY and Western CO","BIOMASS",2,468697000488.222,648537736482.434,179840735994.212,38.3703620477366,"Total aboveground biomass"
"Western WY and Western CO","CARBON",2,234348500668.259,318687919834.92,84339419166.6609,35.9888878854194,"Total aboveground carbon"
"Western WY and Western CO","VMERIB",2,16694297571.6004,15380481640.2452,-1313815931.35522,-7.86984852594352,"Merchantable wood volume"
"Western WY and Western CO","WMERBCH",2,45059113162.8864,182174763660.916,137115650498.029,304.301706965167,"Top and limb weight"
"Western WY and Western CO","WMEROB",2,396049653658.94,436589596807.009,40539943148.069,10.2360758994578,"Merch bole wood and bark weight"
"Western WY and Western CO","WSTPOB",2,22444737435.5487,24001190131.2594,1556452695.71074,6.93459970373984,"Stump wood and bark weight"
