"DCLASS","variable","STATUSCD","CRM","CRM2","DIFF","PDIFF","VAR2"
2,"BIOMASS",1,953582982429.752,1104604828777.63,151021846347.879,15.8373051040689,"Total aboveground biomass"
2,"CARBON",1,476791526621.507,529470837726.32,52679311104.8124,11.0487095855273,"Total aboveground carbon"
2,"BIOMASS",2,36761154083.4613,40693005153.8537,3931851070.39246,10.6956682085272,"Total aboveground biomass"
2,"CARBON",2,18380578351.9122,19618057547.7523,1237479195.84013,6.73253676868874,"Total aboveground carbon"
4,"BIOMASS",1,1960894202038.24,2338021803166.29,377127601128.051,19.2324298137068,"Total aboveground biomass"
4,"CARBON",1,980447114427.09,1124513882165.22,144066767738.125,14.6939866126597,"Total aboveground carbon"
4,"BIOMASS",2,78535510897.151,83069632525.437,4534121628.28606,5.77333944414506,"Total aboveground biomass"
4,"CARBON",2,39267756002.6194,40173304106.1816,905548103.562248,2.30608569407899,"Total aboveground carbon"
6,"BIOMASS",1,3654106056322.6,4495497399621.31,841391343298.712,23.0259146924013,"Total aboveground biomass"
6,"CARBON",1,1827053035873.36,2172384542273.09,345331506399.725,18.9010116082728,"Total aboveground carbon"
6,"VMERIB",1,77447231585.5269,77394104938.9107,-53126646.6162109,-0.0685972184267708,"Merchantable wood volume"
6,"WMERBCH",1,858794533716.142,1562829340645.02,704034806928.878,81.9794233997283,"Top and limb weight"
6,"WMEROB",1,2560933947574.03,2660780918901.86,99846971327.8301,3.89884992630969,"Merch bole wood and bark weight"
6,"WSTPOB",1,234367191719.919,271855665751.574,37488474031.6556,15.9956151526773,"Stump wood and bark weight"
6,"BIOMASS",2,209214873878.442,357522454068.663,148307580190.221,70.8876847237881,"Total aboveground biomass"
6,"CARBON",2,104607437732.903,174594307903.661,69986870170.7582,66.9042963746592,"Total aboveground carbon"
6,"VMERIB",2,6473120232.40641,6698472672.69408,225352440.287671,3.48135724653295,"Merchantable wood volume"
6,"WMERBCH",2,27085381893.7587,102161302204.701,75075920310.9428,277.18243222645,"Top and limb weight"
6,"WMEROB",2,165142898020.577,230951309709.586,65808411689.0096,39.8493743768563,"Merch bole wood and bark weight"
6,"WSTPOB",2,16986593964.1067,24409842154.3751,7423248190.26838,43.7006277182699,"Stump wood and bark weight"
8,"BIOMASS",1,5359960598275.89,6016679328973.8,656718730697.913,12.2523051924889,"Total aboveground biomass"
8,"CARBON",1,2679980304178.93,2912006994176.93,232026689998,8.6577759409723,"Total aboveground carbon"
8,"VMERIB",1,120184093551.24,123143851393.854,2959757842.61429,2.4626868291455,"Merchantable wood volume"
8,"WMERBCH",1,1076168102727.47,1539855624646.04,463687521918.57,43.0869044290933,"Top and limb weight"
8,"WMEROB",1,3982232353614.44,4171677475236.82,189445121622.384,4.75725936610493,"Merch bole wood and bark weight"
8,"WSTPOB",1,301560141933.984,305146229090.944,3586087156.96002,1.18917809693334,"Stump wood and bark weight"
8,"BIOMASS",2,314194691809.014,480621550752.425,166426858943.411,52.9693413931305,"Total aboveground biomass"
8,"CARBON",2,157097346430.849,235453845303.751,78356498872.9017,49.8776718086659,"Total aboveground carbon"
8,"VMERIB",2,10108226208.7005,10489555035.5525,381328826.851997,3.77246036029324,"Merchantable wood volume"
8,"WMERBCH",2,35311545030.0202,101981727659.675,66670182629.6543,188.805623126868,"Top and limb weight"
8,"WMEROB",2,257375879538.258,350913183924.296,93537304386.0385,36.3426846967354,"Merch bole wood and bark weight"
8,"WSTPOB",2,21507267240.7361,27726639168.4542,6219371927.71811,28.9175368404696,"Stump wood and bark weight"
10,"BIOMASS",1,6270191691011.52,6883550233087.9,613358542076.386,9.7821338214532,"Total aboveground biomass"
10,"CARBON",1,3135095848744.46,3333220937218.81,198125088474.35,6.3195863231325,"Total aboveground carbon"
10,"VMERIB",1,143976267869.825,148305643337.396,4329375467.57114,3.00700631543353,"Merchantable wood volume"
10,"VSAWIB",1,58217970150.0897,54149994835.4089,-4067975314.68085,-6.98749081115907,"Sawlog wood volume"
10,"WMERBCH",1,1146331579120.96,1578844104562.7,432512525441.739,37.7301413761455,"Top and limb weight"
10,"WMEROB",1,4805905042720.9,4999690568638.62,193785525917.726,4.03223792803057,"Merch bole wood and bark weight"
10,"WSTPOB",1,317955069169.661,305015559886.581,-12939509283.0799,-4.06960307846999,"Stump wood and bark weight"
10,"BIOMASS",2,354113980194.021,521510192870.939,167396212676.918,47.2718452361583,"Total aboveground biomass"
10,"CARBON",2,177056990431.421,255852563502.229,78795573070.8084,44.5029438706788,"Total aboveground carbon"
10,"VMERIB",2,11586296093.3079,11889366457.0061,303070363.698189,2.61576573960714,"Merchantable wood volume"
10,"WMERBCH",2,36788885432.3627,101159486420.137,64370600987.7747,174.972957813907,"Top and limb weight"
10,"WMEROB",2,295738993882.864,393412198093.551,97673204210.6873,33.026826435128,"Merch bole wood and bark weight"
10,"WSTPOB",2,21586100878.795,26938508357.2511,5352407478.45607,24.7956196837474,"Stump wood and bark weight"
12,"BIOMASS",1,6486862232421.45,7121933232492.79,635071000071.344,9.79011080113969,"Total aboveground biomass"
12,"CARBON",1,3243431118285.84,3448795653577.43,205364535291.59,6.33170638752844,"Total aboveground carbon"
12,"VMERIB",1,151021698832.047,155530824518.355,4509125686.30759,2.98574689675702,"Merchantable wood volume"
12,"VSAWIB",1,111006706828.044,109886872866.519,-1119833961.52449,-1.00879847130244,"Sawlog wood volume"
12,"WMERBCH",1,1109326374664.18,1595440141677.96,486113767013.779,43.8206264735154,"Top and limb weight"
12,"WMEROB",1,5075044916617.84,5242779467993.2,167734551375.358,3.30508506094448,"Merch bole wood and bark weight"
12,"WSTPOB",1,302490941139.434,283713622821.641,-18777318317.7936,-6.20756385201569,"Stump wood and bark weight"
12,"BIOMASS",2,347263502095.842,511550201748.014,164286699652.172,47.308945126871,"Total aboveground biomass"
12,"CARBON",2,173631751262.189,250921137443.247,77289386181.0589,44.5133943643463,"Total aboveground carbon"
12,"VMERIB",2,11504766961.6804,11708436301.6594,203669339.979027,1.77030391538917,"Merchantable wood volume"
12,"WMERBCH",2,33952005553.22,96226138989.0707,62274133435.8506,183.418129271437,"Top and limb weight"
12,"WMEROB",2,293670936839.037,390711542158.956,97040605319.9188,33.0439935134294,"Merch bole wood and bark weight"
12,"WSTPOB",2,19640559703.5851,24612520599.9881,4971960896.40298,25.3147617554677,"Stump wood and bark weight"
14,"BIOMASS",1,6185186824334.25,6842575685366.72,657388861032.467,10.6284398467337,"Total aboveground biomass"
14,"CARBON",1,3092593413510.55,3313074098967.14,220480685456.596,7.1293136851869,"Total aboveground carbon"
14,"VMERIB",1,144747424025.802,148713242924.948,3965818899.14551,2.73982001810172,"Merchantable wood volume"
14,"VSAWIB",1,115990240127.415,118005299979.152,2015059851.73773,1.73726672996297,"Sawlog wood volume"
14,"WMERBCH",1,1007224870593.44,1557994971717.84,550770101124.402,54.6819401709072,"Top and limb weight"
14,"WMEROB",1,4909141135615.17,5034285649704.31,125144514089.142,2.54921401996848,"Merch bole wood and bark weight"
14,"WSTPOB",1,268820818125.645,250295063944.568,-18525754181.0768,-6.89148791014318,"Stump wood and bark weight"
14,"BIOMASS",2,287229619418.321,430844581190.853,143614961772.533,50.0000529413967,"Total aboveground biomass"
14,"CARBON",2,143614809835.433,211158425620.871,67543615785.4384,47.0310937032442,"Total aboveground carbon"
14,"VMERIB",2,9579032815.29058,9774992584.87644,195959769.585863,2.04571560996285,"Merchantable wood volume"
14,"WMERBCH",2,26671119168.9551,80717944262.1694,54046825093.2143,202.641759240926,"Top and limb weight"
14,"WMEROB",2,245066422578.693,330239333173.175,85172910594.4816,34.755030778291,"Merch bole wood and bark weight"
14,"WSTPOB",2,15492077670.6725,19887303755.5091,4395226084.83661,28.3707981477336,"Stump wood and bark weight"
16,"BIOMASS",1,5475429504268.19,6105385857498.59,629956353230.397,11.5051495547397,"Total aboveground biomass"
16,"CARBON",1,2737714752989.18,2956747720912.12,219032967922.932,8.00057667380357,"Total aboveground carbon"
16,"VMERIB",1,129206983482.64,132129359024.19,2922375541.55011,2.2617783209394,"Merchantable wood volume"
16,"VSAWIB",1,108227581123.76,111476999444.76,3249418320.99979,3.00239392515298,"Sawlog wood volume"
16,"WMERBCH",1,856128574099.093,1432007657024.86,575879082925.765,67.2654902952824,"Top and limb weight"
16,"WMEROB",1,4395818645063.26,4465848095977.55,70029450914.2935,1.59309235818771,"Merch bole wood and bark weight"
16,"WSTPOB",1,223482285105.839,207530104496.179,-15952180609.6601,-7.13800675615308,"Stump wood and bark weight"
16,"BIOMASS",2,250884718347.908,377098212268.388,126213493920.48,50.3073661686546,"Total aboveground biomass"
16,"CARBON",2,125442359257.992,185001835240.549,59559475982.5573,47.4795566145755,"Total aboveground carbon"
16,"VMERIB",2,8436912320.32528,8548409877.26764,111497556.942363,1.3215445735255,"Merchantable wood volume"
16,"WMERBCH",2,22016489311.3638,70215124709.8764,48198635398.5126,218.920622252136,"Top and limb weight"
16,"WMEROB",2,215765608426.563,290046200445.508,74280592018.9442,34.4265207790175,"Merch bole wood and bark weight"
16,"WSTPOB",2,13102620609.9807,16836887113.0037,3734266503.02296,28.5001498110877,"Stump wood and bark weight"
18,"BIOMASS",1,4531454071732.52,5085134794118.09,553680722385.572,12.2186104861895,"Total aboveground biomass"
18,"CARBON",1,2265727036399.16,2465367699426.27,199640663027.112,8.81132898270017,"Total aboveground carbon"
18,"VMERIB",1,108020045271.712,109678640557.352,1658595285.63991,1.5354513891083,"Merchantable wood volume"
18,"VSAWIB",1,92780585398.4426,95800900302.6609,3020314904.21826,3.25533072597854,"Sawlog wood volume"
18,"WMERBCH",1,684494837423.78,1232213400843.74,547718563419.96,80.0179246758673,"Top and limb weight"
18,"WMEROB",1,3672001560105.87,3690622755606.56,18621195500.6841,0.507112951775195,"Merch bole wood and bark weight"
18,"WSTPOB",1,174957674202.867,162298637667.795,-12659036535.0718,-7.23548514962159,"Stump wood and bark weight"
18,"BIOMASS",2,200622661046.946,306625249969.702,106002588922.755,52.8367973834971,"Total aboveground biomass"
18,"CARBON",2,100311330577.271,150459534739.421,50148204162.1504,49.9925620301894,"Total aboveground carbon"
18,"VMERIB",2,6775571556.11453,6901943109.77539,126371553.660863,1.8651054396558,"Merchantable wood volume"
18,"WMERBCH",2,16823553189.0368,55789862020.0187,38966308830.982,231.617592271618,"Top and limb weight"
18,"WMEROB",2,173616743742.775,237307434370.894,63690690628.1193,36.6846476066165,"Merch bole wood and bark weight"
18,"WSTPOB",2,10182364115.1351,13527953578.789,3345589463.65394,32.8567062209163,"Stump wood and bark weight"
20,"BIOMASS",1,3546845679822.45,4007437169675.35,460591489852.897,12.9859467095832,"Total aboveground biomass"
20,"CARBON",1,1773422840238.31,1946486547309.02,173063707070.713,9.75873904090784,"Total aboveground carbon"
20,"VMERIB",1,85753683989.1776,86658020106.2092,904336117.031631,1.05457407187983,"Merchantable wood volume"
20,"VSAWIB",1,74963595636.2868,77301462183.5438,2337866547.25696,3.11866917190041,"Sawlog wood volume"
20,"WMERBCH",1,518973667145.093,995648915470.908,476675248325.815,91.8496021094936,"Top and limb weight"
20,"WMEROB",1,2897519064962.39,2891240065554.1,-6278999408.2876,-0.216702608939317,"Merch bole wood and bark weight"
20,"WSTPOB",1,130352947714.971,120548188650.34,-9804759064.63138,-7.52170107121046,"Stump wood and bark weight"
20,"BIOMASS",2,166856207800.509,252796030865.999,85939823065.4899,51.5053195792621,"Total aboveground biomass"
20,"CARBON",2,83428103935.8355,124447810788.066,41019706852.2302,49.1677323552486,"Total aboveground carbon"
20,"VMERIB",2,5698381760.803,5800146920.58369,101765159.780694,1.78586068909419,"Merchantable wood volume"
20,"WMERBCH",2,13778923141.3241,45866431041.4466,32087507900.1225,232.873843412984,"Top and limb weight"
20,"WMEROB",2,144949456689.099,196285877412.615,51336420723.5156,35.4167734713394,"Merch bole wood and bark weight"
20,"WSTPOB",2,8127827970.08561,10643722411.9374,2515894441.85181,30.9540808579061,"Stump wood and bark weight"
22,"BIOMASS",1,2760418638220.41,3135332399485.49,374913761265.074,13.5817718397516,"Total aboveground biomass"
22,"CARBON",1,1380209319316.5,1525969166263.93,145759846947.432,10.5607058949301,"Total aboveground carbon"
22,"VMERIB",1,67560479440.4193,67958529011.5217,398049571.102394,0.589175172229837,"Merchantable wood volume"
22,"VSAWIB",1,59798463043.2262,61416831801.2668,1618368758.04061,2.70637182910663,"Sawlog wood volume"
22,"WMERBCH",1,393798551013.349,796598952275.448,402800401262.099,102.28590232889,"Top and limb weight"
22,"WMEROB",1,2269690725846.5,2249154770249.25,-20535955597.2515,-0.904790919899114,"Merch bole wood and bark weight"
22,"WSTPOB",1,96929361360.5614,89578676960.7871,-7350684399.77431,-7.58354774713821,"Stump wood and bark weight"
22,"BIOMASS",2,140329557750.069,215114741965.265,74785184215.1959,53.2925389449245,"Total aboveground biomass"
22,"CARBON",2,70164778899.5534,106139286455.502,35974507555.9487,51.2714614371538,"Total aboveground carbon"
22,"VMERIB",2,4909177537.98495,4992183792.08216,83006254.0972109,1.69083830142517,"Merchantable wood volume"
22,"WMERBCH",2,11141225282.4676,36521117545.2369,25379892262.7693,227.801625218983,"Top and limb weight"
22,"WMEROB",2,122453130971.737,169723511333.386,47270380361.649,38.6028352125675,"Merch bole wood and bark weight"
22,"WSTPOB",2,6735201495.86462,8870113086.64211,2134911590.77749,31.6978132293194,"Stump wood and bark weight"
24,"BIOMASS",2,111185647599.571,167523214340.343,56337566740.7721,50.6698193130726,"Total aboveground biomass"
24,"CARBON",2,55592823815.4725,82926656587.4801,27333832772.0077,49.1679157416721,"Total aboveground carbon"
24,"VMERIB",2,3830925133.42954,3917008255.90903,86083122.4794917,2.24705833398597,"Merchantable wood volume"
24,"WMERBCH",2,8582866831.74677,27448433960.0399,18865567128.2931,219.804961420491,"Top and limb weight"
24,"WMEROB",2,97416585619.8627,133337854232.693,35921268612.8306,36.8738735650231,"Merch bole wood and bark weight"
24,"WSTPOB",2,5186195147.96126,6736926147.60962,1550730999.64837,29.9011308947365,"Stump wood and bark weight"
24,"BIOMASS",1,2115062644472.51,2404372375659.53,289309731187.017,13.6785419544474,"Total aboveground biomass"
24,"CARBON",1,1057531322367.66,1173349760759.18,115818438391.512,10.9517738096126,"Total aboveground carbon"
24,"VMERIB",1,52607613389.5598,52486989919.4316,-120623470.128128,-0.229288998979882,"Merchantable wood volume"
24,"VSAWIB",1,46864761750.7849,47649353716.2719,784591965.486969,1.67416185674694,"Sawlog wood volume"
24,"WMERBCH",1,295356906107.147,616528018256.624,321171112149.477,108.740004214753,"Top and limb weight"
24,"WMEROB",1,1748441798753.12,1722810529958.15,-25631268794.98,-1.46594921336578,"Merch bole wood and bark weight"
24,"WSTPOB",1,71263939612.2418,65033827444.7613,-6230112167.4805,-8.74230670010599,"Stump wood and bark weight"
26,"BIOMASS",1,1614305706207.09,1836486110167.3,222180403960.201,13.7632174070813,"Total aboveground biomass"
26,"CARBON",1,807152853187.332,899456237656.006,92303384468.6738,11.4356759198931,"Total aboveground carbon"
26,"VMERIB",1,40718243525.2153,40588587803.8179,-129655721.397469,-0.318421695467236,"Merchantable wood volume"
26,"VSAWIB",1,36694577796.7535,37093763517.7395,399185720.985962,1.08786023700013,"Sawlog wood volume"
26,"WMERBCH",1,221451237671.225,469643882416.327,248192644745.103,112.075528389495,"Top and limb weight"
26,"WMEROB",1,1340559892703.63,1319631777762.89,-20928114940.7368,-1.56114732766838,"Merch bole wood and bark weight"
26,"WSTPOB",1,52294575832.2402,47210449988.0758,-5084125844.16437,-9.72209022303599,"Stump wood and bark weight"
26,"BIOMASS",2,90801975586.8719,140258811984.62,49456836397.7485,54.4666964326478,"Total aboveground biomass"
26,"CARBON",2,45400987804.3632,69431839659.1485,24030851854.7852,52.9302401047665,"Total aboveground carbon"
26,"VMERIB",2,3197678177.24083,3276379740.6107,78701563.3698735,2.4612096342285,"Merchantable wood volume"
26,"WMERBCH",2,6591484848.75988,21873853852.3678,15282369003.6079,231.85017267366,"Top and limb weight"
26,"WMEROB",2,80069185563.782,112750979158.447,32681793594.665,40.8169427034213,"Merch bole wood and bark weight"
26,"WSTPOB",2,4141305174.33004,5633978973.80557,1492673799.47553,36.0435596180619,"Stump wood and bark weight"
28,"BIOMASS",2,73771157472.1189,116146886442.579,42375728970.4605,57.4421364968768,"Total aboveground biomass"
28,"CARBON",2,36885578744.3225,57932425552.3618,21046846808.0393,57.0598253423879,"Total aboveground carbon"
28,"VMERIB",2,2656925849.16633,2718806741.93266,61880892.7663317,2.32904101504181,"Merchantable wood volume"
28,"WMERBCH",2,5279929538.13624,16363348371.5424,11083418833.4062,209.916036821176,"Top and limb weight"
28,"WMEROB",2,65118290707.4636,95120983604.4737,30002692897.0101,46.0741407230631,"Merch bole wood and bark weight"
28,"WSTPOB",2,3372937226.51904,4662554466.56321,1289617240.04417,38.2342496594605,"Stump wood and bark weight"
28,"BIOMASS",1,1256024483837.93,1427036012897.75,171011529059.823,13.6153021903902,"Total aboveground biomass"
28,"CARBON",1,628012241974.454,701581613512.512,73569371538.0577,11.7146397189261,"Total aboveground carbon"
28,"VMERIB",1,32192732780.5963,31912954775.3449,-279778005.251377,-0.869071933588719,"Merchantable wood volume"
28,"VSAWIB",1,29334992455.6201,29436707842.9008,101715387.280746,0.346737390284413,"Sawlog wood volume"
28,"WMERBCH",1,169507674091.949,362229440550.167,192721766458.217,113.69500967471,"Top and limb weight"
28,"WMEROB",1,1047036452507.36,1029604963161.31,-17431489346.0532,-1.66484073255612,"Merch bole wood and bark weight"
28,"WSTPOB",1,39480357238.6185,35201609186.2768,-4278748052.34167,-10.8376629585214,"Stump wood and bark weight"
30,"BIOMASS",1,950287006633.778,1081924555463.48,131637548829.704,13.8523991079292,"Total aboveground biomass"
30,"CARBON",1,475143503353.919,533614914235.062,58471410881.1437,12.3060529015779,"Total aboveground carbon"
30,"VMERIB",1,24823080442.9395,24561776920.7165,-261303522.223076,-1.05266355972108,"Merchantable wood volume"
30,"VSAWIB",1,22819877616.2225,22673538728.6545,-146338887.568066,-0.641278143683094,"Sawlog wood volume"
30,"WMERBCH",1,126746866693.169,269989862139.601,143242995446.433,113.015018977312,"Top and limb weight"
30,"WMEROB",1,794576402984.773,786218166533.315,-8358236451.45764,-1.05191098301692,"Merch bole wood and bark weight"
30,"WSTPOB",1,28963736955.836,25716526790.5651,-3247210165.27097,-11.2112955942886,"Stump wood and bark weight"
30,"BIOMASS",2,68221311555.8118,104802534447.269,36581222891.4571,53.6214007869521,"Total aboveground biomass"
30,"CARBON",2,34110655784.4455,52296833440.1701,18186177655.7246,53.3152389993556,"Total aboveground carbon"
30,"VMERIB",2,2459218987.34947,2489380804.1244,30161816.774929,1.22647950142241,"Merchantable wood volume"
30,"WMERBCH",2,4874009358.12046,15394207709.6241,10520198351.5036,215.842801655196,"Top and limb weight"
30,"WMEROB",2,60371872775.9661,85410429992.4742,25038557216.5081,41.4738785881692,"Merch bole wood and bark weight"
30,"WSTPOB",2,2975429421.72526,3997896745.17063,1022467323.44536,34.3636893545437,"Stump wood and bark weight"
32,"BIOMASS",1,752739862286.231,852007105734.096,99267243447.8643,13.1874567060084,"Total aboveground biomass"
32,"CARBON",1,376369931167.779,421513859753.381,45143928585.6027,11.9945630208908,"Total aboveground carbon"
32,"VMERIB",1,19776293146.3156,19550113417.0892,-226179729.226421,-1.14369122440198,"Merchantable wood volume"
32,"VSAWIB",1,18239830773.3577,18092920663.5815,-146910109.77618,-0.80543570607446,"Sawlog wood volume"
32,"WMERBCH",1,99436576922.021,208262878375.943,108826301453.922,109.44292816844,"Top and limb weight"
32,"WMEROB",1,630952185073.963,624367432840.35,-6584752233.61206,-1.04362143271446,"Merch bole wood and bark weight"
32,"WSTPOB",1,22351100290.248,19376794517.8017,-2974305772.44623,-13.3072006917886,"Stump wood and bark weight"
32,"BIOMASS",2,55585483223.8619,84289979501.9166,28704496278.0548,51.6402747862277,"Total aboveground biomass"
32,"CARBON",2,27792741616.8497,42244029282.7831,14451287665.9335,51.9966251086658,"Total aboveground carbon"
32,"VMERIB",2,1984523411.66349,1974759253.54753,-9764158.11595297,-0.492015264650789,"Merchantable wood volume"
32,"WMERBCH",2,3817807054.11079,10951407284.7586,7133600230.64779,186.850726858151,"Top and limb weight"
32,"WMEROB",2,49321520102.0372,70028536697.8193,20707016595.7821,41.9837356045455,"Merch bole wood and bark weight"
32,"WSTPOB",2,2446156067.71384,3310035519.33879,863879451.624956,35.3157945654846,"Stump wood and bark weight"
34,"BIOMASS",1,612637775453.042,692633888985.731,79996113532.6898,13.0576527824346,"Total aboveground biomass"
34,"CARBON",1,306318887743.866,344325547791.134,38006660047.2678,12.4075470263028,"Total aboveground carbon"
34,"VMERIB",1,16355302352.2943,16229432659.3748,-125869692.919479,-0.769595634542473,"Merchantable wood volume"
34,"VSAWIB",1,15358892740.0056,15172750471.6949,-186142268.310774,-1.2119510921899,"Sawlog wood volume"
34,"WMERBCH",1,80382294913.1139,162403069233.078,82020774319.9639,102.0383585821,"Top and limb weight"
34,"WMEROB",1,514576972771.963,515237558124.453,660585352.490479,0.128374448808307,"Merch bole wood and bark weight"
34,"WSTPOB",1,17678507767.9651,14993261628.2006,-2685246139.76449,-15.1893257904402,"Stump wood and bark weight"
34,"BIOMASS",2,42806605701.1309,66617757141.948,23811151440.8171,55.6249463156759,"Total aboveground biomass"
34,"CARBON",2,21403302854.0453,33474532260.343,12071229406.2976,56.3989094982886,"Total aboveground carbon"
34,"VMERIB",2,1598704714.85623,1610061270.88547,11356556.0292349,0.710359825907947,"Merchantable wood volume"
34,"WMERBCH",2,2900337186.72877,7585403342.56744,4685066155.83867,161.535223465615,"Top and limb weight"
34,"WMEROB",2,38070551706.0581,56421310742.3598,18350759036.3017,48.2019782061146,"Merch bole wood and bark weight"
34,"WSTPOB",2,1835716808.34403,2611043057.0208,775326248.676769,42.2356130941667,"Stump wood and bark weight"
36,"BIOMASS",1,496756728956.97,555677568383.198,58920839426.2281,11.8611054449012,"Total aboveground biomass"
36,"CARBON",1,248378364490.772,277500923295.886,29122558805.1142,11.7250787381669,"Total aboveground carbon"
36,"VMERIB",1,13325016759.388,13230722645.1815,-94294114.2064915,-0.707647246597703,"Merchantable wood volume"
36,"WMERBCH",1,64834149382.2662,123321626856.936,58487477474.6698,90.2109120454778,"Top and limb weight"
36,"WMEROB",1,417912653058.628,420674159303.061,2761506244.43213,0.660785507263577,"Merch bole wood and bark weight"
36,"WSTPOB",1,14009926516.0754,11681782223.2015,-2328144292.87391,-16.6178194453949,"Stump wood and bark weight"
36,"VSAWIB",1,12624667127.1773,12429250080.3077,-195417046.869572,-1.54789860913556,"Sawlog wood volume"
36,"BIOMASS",2,40299743208.8352,62269121657.2992,21969378448.464,54.5149340893255,"Total aboveground biomass"
36,"CARBON",2,20149871607.2804,31283632769.1805,11133761161.9002,55.2547499006268,"Total aboveground carbon"
36,"VMERIB",2,1512819864.42995,1502274326.45604,-10545537.9739153,-0.697078232634725,"Merchantable wood volume"
36,"WMERBCH",2,2639859891.23284,7050222573.5686,4410362682.33576,167.068059065668,"Top and limb weight"
36,"WMEROB",2,35919860943.8871,52831209100.6396,16911348156.7525,47.0807728993464,"Merch bole wood and bark weight"
36,"WSTPOB",2,1740022373.7153,2387689983.09098,647667609.375674,37.2217977860119,"Stump wood and bark weight"
38,"BIOMASS",1,403727576866.915,454647356860.404,50919779993.489,12.612410672723,"Total aboveground biomass"
38,"CARBON",1,201863788442.513,227695455194.706,25831666752.1932,12.7965827608301,"Total aboveground carbon"
38,"VMERIB",1,10963573963.4282,10933441441.017,-30132522.4111404,-0.274842150120529,"Merchantable wood volume"
38,"WMERBCH",1,52570484438.3257,96266873581.2018,43696389142.8762,83.1196242715619,"Top and limb weight"
38,"WMEROB",1,340088341329.322,349254922757.983,9166581428.66168,2.69535303469439,"Merch bole wood and bark weight"
38,"WSTPOB",1,11068751099.2679,9125560521.21898,-1943190578.04893,-17.5556443597097,"Stump wood and bark weight"
38,"VSAWIB",1,10498896919.9696,10316289402.0958,-182607517.873735,-1.73930194062963,"Sawlog wood volume"
38,"BIOMASS",2,33675604194.3265,52858312997.4305,19182708803.1039,56.9632208895474,"Total aboveground biomass"
38,"CARBON",2,16837802099.2262,26605180322.4363,9767378223.21008,58.0086294259211,"Total aboveground carbon"
38,"VMERIB",2,1268335798.82789,1268141610.41559,-194188.412297487,-0.0153104889475597,"Merchantable wood volume"
38,"WMERBCH",2,2069863827.10521,5571800167.42424,3501936340.31903,169.186798400001,"Top and limb weight"
38,"WMEROB",2,30183189215.2042,45234932812.8901,15051743597.6859,49.8679695189529,"Merch bole wood and bark weight"
38,"WSTPOB",2,1422551152.01715,2051580017.11613,629028865.098972,44.2183653084825,"Stump wood and bark weight"
40,"BIOMASS",1,340741195092.347,380459755314.124,39718560221.7775,11.6565184350583,"Total aboveground biomass"
40,"CARBON",1,170370597553.146,191086196043.17,20715598490.0236,12.1591394216725,"Total aboveground carbon"
40,"VMERIB",1,9259441240.39508,9197767765.43543,-61673474.9596462,-0.66606043883718,"Merchantable wood volume"
40,"VSAWIB",1,8985840357.56908,8767892844.83578,-217947512.733309,-2.42545498318056,"Sawlog wood volume"
40,"WMERBCH",1,44271694683.3849,76619785576.722,32348090893.3371,73.067207218244,"Top and limb weight"
40,"WMEROB",1,287339344746.047,296331584055.55,8992239309.50269,3.12948417051974,"Merch bole wood and bark weight"
40,"WSTPOB",1,9130155662.91463,7508385681.85228,-1621769981.06235,-17.7627856625681,"Stump wood and bark weight"
40,"BIOMASS",2,29779588965.9888,45760287968.5611,15980699002.5723,53.663262514549,"Total aboveground biomass"
40,"CARBON",2,14889794484.6423,23033529659.2597,8143735174.61733,54.6934021353818,"Total aboveground carbon"
40,"VMERIB",2,1114676542.87173,1101898698.01483,-12777844.8569057,-1.14632759957308,"Merchantable wood volume"
40,"WMERBCH",2,1890695870.20554,4635250369.55436,2744554499.34882,145.161077601045,"Top and limb weight"
40,"WMEROB",2,26644136336.9526,39429693512.8499,12785557175.8973,47.9863824978445,"Merch bole wood and bark weight"
40,"WSTPOB",2,1244756758.83064,1695344086.15682,450587327.326182,36.19882552391,"Stump wood and bark weight"
42,"BIOMASS",2,22691536488.8849,36669478071.2452,13977941582.3603,61.5998021518162,"Total aboveground biomass"
42,"CARBON",2,11345768245.6943,18582939698.5497,7237171452.85543,63.787407746513,"Total aboveground carbon"
42,"VMERIB",2,895986971.45345,891885081.958833,-4101889.49461734,-0.457806823682196,"Merchantable wood volume"
42,"WMERBCH",2,1440194263.28723,3486853516.58435,2046659253.29712,142.109943461769,"Top and limb weight"
42,"WMEROB",2,20319725557.924,31740849591.9365,11421124034.0125,56.2070781982521,"Merch bole wood and bark weight"
42,"WSTPOB",2,931616667.67374,1441774962.72436,510158295.050622,54.7605375421733,"Stump wood and bark weight"
42,"BIOMASS",1,284809341058.756,317516508474.656,32707167415.8995,11.4838815659322,"Total aboveground biomass"
42,"CARBON",1,142404670534.434,159678017072.168,17273346537.7344,12.1297612451255,"Total aboveground carbon"
42,"VMERIB",1,7818736056.26735,7799442756.48129,-19293299.7860613,-0.246757271855931,"Merchantable wood volume"
42,"VSAWIB",1,7723117433.34201,7502677562.71629,-220439870.625725,-2.85428614194119,"Sawlog wood volume"
42,"WMERBCH",1,36917068011.6042,60480744490.3844,23563676478.7801,63.8286780287462,"Top and limb weight"
42,"WMEROB",1,240396861791.635,250955224895.614,10558363103.9791,4.39205529776451,"Merch bole wood and bark weight"
42,"WSTPOB",1,7495411255.51707,6080539088.65738,-1414872166.85969,-18.8765114898567,"Stump wood and bark weight"
44,"BIOMASS",1,240104490042.811,268798359417.705,28693869374.8943,11.9505759220822,"Total aboveground biomass"
44,"CARBON",1,120052245025.412,135667601298.881,15615356273.4697,13.0071339108772,"Total aboveground carbon"
44,"VMERIB",1,6620008973.2653,6647894654.58256,27885681.3172569,0.421233285783635,"Merchantable wood volume"
44,"WMERBCH",1,31089376073.8296,50352460923.2557,19263084849.4261,61.9603455652537,"Top and limb weight"
44,"WMEROB",1,202802092794.263,213492724357.037,10690631562.7745,5.27146017848042,"Merch bole wood and bark weight"
44,"WSTPOB",1,6213021174.71807,4953174137.41173,-1259847037.30634,-20.2775268565459,"Stump wood and bark weight"
44,"VSAWIB",1,6499734951.37726,6343541308.52215,-156193642.855114,-2.40307711042921,"Sawlog wood volume"
44,"BIOMASS",2,26007435450.616,39656862199.7523,13649426749.1363,52.4827862210959,"Total aboveground biomass"
44,"CARBON",2,13003717726.3703,20035277886.7594,7031560160.38916,54.0734604391623,"Total aboveground carbon"
44,"VMERIB",2,975742554.55293,965976333.28532,-9766221.26761019,-1.00090143881087,"Merchantable wood volume"
44,"WMERBCH",2,1607719869.68834,3803463240.88339,2195743371.19505,136.574997460267,"Top and limb weight"
44,"WMEROB",2,23366104353.2667,34409769638.888,11043665285.6213,47.2636136458809,"Merch bole wood and bark weight"
44,"WSTPOB",2,1033611227.66099,1443629319.98091,410018092.319925,39.668502174437,"Stump wood and bark weight"
46,"BIOMASS",2,19779113445.7025,30600622238.0696,10821508792.3671,54.7117989998602,"Total aboveground biomass"
46,"CARBON",2,9889556723.74545,15508770141.7934,5619213418.04798,56.819669222948,"Total aboveground carbon"
46,"VMERIB",2,753229007.032735,745452834.760184,-7776172.27255058,-1.03237822759694,"Merchantable wood volume"
46,"WMERBCH",2,1170794270.98707,2572035670.99198,1401241400.00491,119.682973749397,"Top and limb weight"
46,"WMEROB",2,17791860397.7045,26815190563.2884,9023330165.58393,50.7160575897286,"Merch bole wood and bark weight"
46,"WSTPOB",2,816458777.01098,1213396003.78924,396937226.778265,48.6169342476095,"Stump wood and bark weight"
46,"BIOMASS",1,208679369355.021,235335754435.367,26656385080.3466,12.7738478234505,"Total aboveground biomass"
46,"CARBON",1,104339684680.549,118645141576.709,14305456896.1601,13.7104659075387,"Total aboveground carbon"
46,"VMERIB",1,5733985113.07443,5756396337.3124,22411224.2379704,0.390849013313081,"Merchantable wood volume"
46,"VSAWIB",1,5589694757.06776,5440871144.14549,-148823612.922267,-2.66246404124466,"Sawlog wood volume"
46,"WMERBCH",1,26979071320.9599,46231003431.2431,19251932110.2832,71.3587650266023,"Top and limb weight"
46,"WMEROB",1,176407971879.133,184839521291.185,8431549412.05215,4.77957391734491,"Merch bole wood and bark weight"
46,"WSTPOB",1,5292326154.92846,4265229712.9397,-1027096441.98876,-19.4072778570587,"Stump wood and bark weight"
48,"BIOMASS",1,166574843966.019,187359070149.289,20784226183.2705,12.4774099668438,"Total aboveground biomass"
48,"CARBON",1,83287421985.234,94767781003.6555,11480359018.4215,13.7840249401127,"Total aboveground carbon"
48,"VMERIB",1,4658728952.05508,4707755675.46991,49026723.4148283,1.05236264911272,"Merchantable wood volume"
48,"VSAWIB",1,4709228803.43361,4572236071.14677,-136992732.286839,-2.9090268917695,"Sawlog wood volume"
48,"WMERBCH",1,21609651107.2699,32417311044.9019,10807659937.632,50.0131162876394,"Top and limb weight"
48,"WMEROB",1,140851151783.537,151715255343.692,10864103560.1548,7.71318049060117,"Merch bole wood and bark weight"
48,"WSTPOB",1,4114041075.21186,3226503760.69552,-887537314.516337,-21.5733702773163,"Stump wood and bark weight"
48,"BIOMASS",2,17234553671.7283,26085035354.8147,8850481683.08646,51.3531237980643,"Total aboveground biomass"
48,"CARBON",2,8617276836.57861,13231596645.0963,4614319808.51771,53.5473084598008,"Total aboveground carbon"
48,"VMERIB",2,657187452.65921,639341959.081927,-17845493.5772824,-2.71543431102851,"Merchantable wood volume"
48,"WMERBCH",2,1043560360.06992,1800046902.65688,756486542.586962,72.4909235280151,"Top and limb weight"
48,"WMEROB",2,15507260395.7805,23307951338.8049,7800690943.02432,50.3034755587573,"Merch bole wood and bark weight"
48,"WSTPOB",2,683732915.877836,977037113.353015,293304197.475179,42.8974809701255,"Stump wood and bark weight"
50,"BIOMASS",1,126996231235.946,142944177308.067,15947946072.1209,12.5578105089522,"Total aboveground biomass"
50,"CARBON",1,63498115619.5,72400662982.9138,8902547363.41377,14.0201756801108,"Total aboveground carbon"
50,"VMERIB",1,3482738605.91816,3516499551.50679,33760945.5886292,0.969379256061878,"Merchantable wood volume"
50,"VSAWIB",1,3451266047.86533,3410935751.88134,-40330295.9839892,-1.16856525763739,"Sawlog wood volume"
50,"WMERBCH",1,16432364071.2396,24415554093.2448,7983190022.00527,48.5821150711825,"Top and limb weight"
50,"WMEROB",1,107452702846.232,116065468747.934,8612765901.70195,8.01540182197843,"Merch bole wood and bark weight"
50,"WSTPOB",1,3111164318.47492,2463154466.88864,-648009851.586281,-20.828531869507,"Stump wood and bark weight"
50,"BIOMASS",2,15513947919.8346,23445206744.4751,7931258824.64049,51.1234075660416,"Total aboveground biomass"
50,"CARBON",2,7756973960.46668,11878289722.4516,4121315761.98493,53.1304576112949,"Total aboveground carbon"
50,"VMERIB",2,603854110.262058,581538138.217643,-22315972.0444146,-3.69558998857026,"Merchantable wood volume"
50,"WMERBCH",2,1060507505.1439,2333131096.37658,1272623591.23268,120.001375290597,"Top and limb weight"
50,"WMEROB",2,13874628525.2795,20288988058.1625,6414359532.88302,46.2308559915394,"Merch bole wood and bark weight"
50,"WSTPOB",2,578811889.411198,823087589.935987,244275700.524789,42.2029514240423,"Stump wood and bark weight"
52,"BIOMASS",1,122236391381.701,136163644349.288,13927252967.5868,11.393704289009,"Total aboveground biomass"
52,"CARBON",1,61118195692.1893,69115028136.9,7996832444.71069,13.0842089727015,"Total aboveground carbon"
52,"VMERIB",1,3392963878.33653,3462044949.22199,69081070.8854604,2.0360096176246,"Merchantable wood volume"
52,"VSAWIB",1,3347667699.33326,3277141224.29301,-70526475.0402451,-2.10673463959077,"Sawlog wood volume"
52,"WMERBCH",1,15813243453.2102,22271833239.2294,6458589786.01918,40.8429162880436,"Top and limb weight"
52,"WMEROB",1,103465602111.044,111565523539.395,8099921428.35149,7.82861285595024,"Merch bole wood and bark weight"
52,"WSTPOB",1,2957545817.44716,2326287570.66325,-631258246.783905,-21.3439887578406,"Stump wood and bark weight"
52,"BIOMASS",2,14093814108.5703,21451309006.4671,7357494897.8968,52.2037174693738,"Total aboveground biomass"
52,"CARBON",2,7046907054.74248,10876618719.3721,3829711664.62962,54.3459937087189,"Total aboveground carbon"
52,"VMERIB",2,539630734.993046,523709192.966105,-15921542.0269412,-2.95045129835802,"Merchantable wood volume"
52,"WMERBCH",2,889625135.834759,1796103130.61478,906477994.78002,101.894377560437,"Top and limb weight"
52,"WMEROB",2,12667222341.1063,18884009198.1163,6216786857.01,49.0777432463308,"Merch bole wood and bark weight"
52,"WSTPOB",2,536966631.629269,771196677.73604,234230046.106771,43.6209686616965,"Stump wood and bark weight"
54,"BIOMASS",1,101260428843.021,111129715939.235,9869287096.21358,9.74644015335292,"Total aboveground biomass"
54,"CARBON",1,50630214422.4557,56594318278.6678,5964103856.21207,11.7797325653174,"Total aboveground carbon"
54,"VMERIB",1,2826021135.32007,2909515657.425,83494522.1049328,2.95449036319668,"Merchantable wood volume"
54,"VSAWIB",1,2862412522.43118,2827794577.34659,-34617945.0845866,-1.20939748597746,"Sawlog wood volume"
54,"WMERBCH",1,13131176284.1901,15763718227.9761,2632541943.78599,20.0480283472818,"Top and limb weight"
54,"WMEROB",1,85717269576.009,93531568657.8038,7814299081.79485,9.11636490575052,"Merch bole wood and bark weight"
54,"WSTPOB",1,2411982982.82208,1834429053.4548,-577553929.367279,-23.9451908856972,"Stump wood and bark weight"
54,"BIOMASS",2,11265079259.9509,17921304310.1814,6656225050.23048,59.0872456077107,"Total aboveground biomass"
54,"CARBON",2,5632539630.34166,9041265831.76753,3408726201.42587,60.5184592588318,"Total aboveground carbon"
54,"VMERIB",2,436854476.448385,422468189.458174,-14386286.9902112,-3.29315315872949,"Merchantable wood volume"
54,"WMERBCH",2,687285940.748613,1318982812.5384,631696871.789791,91.9117989088686,"Top and limb weight"
54,"WMEROB",2,10151180882.2802,15896741953.4495,5745561071.16927,56.5999280063925,"Merch bole wood and bark weight"
54,"WSTPOB",2,426612436.92213,705579544.193553,278967107.271423,65.3912270547198,"Stump wood and bark weight"
56,"BIOMASS",1,80353914552.4283,89129365080.0648,8775450527.63647,10.9209994018534,"Total aboveground biomass"
56,"CARBON",1,40176957276.9351,45332805165.4428,5155847888.50769,12.8328480750024,"Total aboveground carbon"
56,"VMERIB",1,2237397041.8814,2315043046.6352,77646004.7537975,3.47037219145092,"Merchantable wood volume"
56,"VSAWIB",1,2284121741.10398,2234893361.96718,-49228379.1367989,-2.15524322766638,"Sawlog wood volume"
56,"WMERBCH",1,10379168479.2122,11971784459.0127,1592615979.80047,15.3443503975316,"Top and limb weight"
56,"WMEROB",1,68046985336.8441,75626446343.0527,7579461006.20857,11.1385698700522,"Merch bole wood and bark weight"
56,"WSTPOB",1,1927760736.37193,1531134277.99936,-396626458.372567,-20.5744650199186,"Stump wood and bark weight"
56,"BIOMASS",2,6509790357.24759,10808080113.5878,4298289756.34025,66.028082633334,"Total aboveground biomass"
56,"CARBON",2,3254895178.85428,5522169417.23332,2267274238.37904,69.6573657151418,"Total aboveground carbon"
56,"VMERIB",2,282848293.393243,271822588.595206,-11025704.7980374,-3.89809839959274,"Merchantable wood volume"
56,"WMERBCH",2,358074828.563777,506110184.345311,148035355.781534,41.3420168000353,"Top and limb weight"
56,"WMEROB",2,5901443137.61116,9805827933.06062,3904384795.44946,66.1598308143644,"Merch bole wood and bark weight"
56,"WSTPOB",2,250272391.072654,496141996.181909,245869605.109254,98.2408023735538,"Stump wood and bark weight"
58,"BIOMASS",2,7092240842.41932,10627051391.1516,3534810548.73229,49.8405317483055,"Total aboveground biomass"
58,"CARBON",2,3546120421.41153,5410792738.9736,1864672317.56206,52.5834460190112,"Total aboveground carbon"
58,"VMERIB",2,292112544.886279,277368626.306531,-14743918.579748,-5.04734179954095,"Merchantable wood volume"
58,"WMERBCH",2,366566251.401808,633428225.745511,266861974.343703,72.800475582021,"Top and limb weight"
58,"WMEROB",2,6445293394.77006,9547225799.08736,3101932404.31731,48.1270939013316,"Merch bole wood and bark weight"
58,"WSTPOB",2,280381196.247456,446397366.318738,166016170.071281,59.2108787226801,"Stump wood and bark weight"
58,"BIOMASS",1,62651691602.5334,68493770437.1799,5842078834.64648,9.32469448982962,"Total aboveground biomass"
58,"CARBON",1,31325845801.8263,34986718794.7424,3660872992.91616,11.6864298447856,"Total aboveground carbon"
58,"VMERIB",1,1740729153.26236,1779975045.327,39245892.0646341,2.25456625409427,"Merchantable wood volume"
58,"VSAWIB",1,1762324765.91065,1744792816.58792,-17531949.3227262,-0.994819437475644,"Sawlog wood volume"
58,"WMERBCH",1,8122235210.43928,9173012289.59145,1050777079.15217,12.9370432144298,"Top and limb weight"
58,"WMEROB",1,53073567446.3419,58251421223.5386,5177853777.19669,9.75599347534264,"Merch bole wood and bark weight"
58,"WSTPOB",1,1455888945.75225,1069336924.04987,-386552021.702372,-26.5509277222133,"Stump wood and bark weight"
60,"BIOMASS",1,317705005115.575,341432518954.716,23727513839.1415,7.46841046161988,"Total aboveground biomass"
60,"CARBON",1,158852502559.913,174875923185.637,16023420625.7239,10.0869802914691,"Total aboveground carbon"
60,"VMERIB",1,9239556454.17126,9478660853.15076,239104398.9795,2.58783416893951,"Merchantable wood volume"
60,"VSAWIB",1,9547822933.63568,9235224930.77594,-312598002.859745,-3.27402387992036,"Sawlog wood volume"
60,"WMERBCH",1,40525051426.5048,42743597032.2471,2218545605.7423,5.47450410955259,"Top and limb weight"
60,"WMEROB",1,269624789455.586,293070876674.071,23446087218.4855,8.69582031601277,"Merch bole wood and bark weight"
60,"WSTPOB",1,7555164233.48413,5618045248.3979,-1937118985.08623,-25.6396674542297,"Stump wood and bark weight"
60,"BIOMASS",2,43125515491.318,62974860717.1409,19849345225.8229,46.0269170111578,"Total aboveground biomass"
60,"CARBON",2,21562757746.8562,32066385407.4992,10503627660.643,48.7118938308086,"Total aboveground carbon"
60,"VMERIB",2,1829886249.5467,1584753891.39193,-245132358.154772,-13.3960435090157,"Merchantable wood volume"
60,"WMERBCH",2,2053446174.16599,4007811932.25208,1954365758.08608,95.1749202230658,"Top and limb weight"
60,"WMEROB",2,39409908366.9479,55353878902.0166,15943970535.0687,40.456756170589,"Merch bole wood and bark weight"
60,"WSTPOB",2,1662160950.20402,3613169882.87217,1951008932.66815,117.377858770456,"Stump wood and bark weight"
