"STATECD","STATENM","RSCD","variable","STATUSCD","CRM","CRM2","DIFF","PDIFF","VAR2"
1,"Alabama",33,"BIOMASS",1,2038830695360.24,2264834721292.21,226004025931.963,11.0849825071929,"Total aboveground biomass"
1,"Alabama",33,"CARBON",1,1019415351962.26,1073091339510.3,53675987548.0353,5.26536974793591,"Total aboveground carbon"
1,"Alabama",33,"VMERIB",1,40520921510.2318,41155569425.5908,634647915.358963,1.56622280961382,"Merchantable wood volume"
1,"Alabama",33,"VSAWIB",1,22158938106.8573,22324356925.4351,165418818.577854,0.74651058539066,"Sawlog wood volume"
1,"Alabama",33,"WMERBCH",1,313867731997.376,455672792468.376,141805060471,45.1798786605391,"Top and limb weight"
1,"Alabama",33,"WMEROB",1,1440429719447.58,1482687472291.68,42257752844.095,2.93369070865195,"Merch bole wood and bark weight"
1,"Alabama",33,"WSTPOB",1,89628468368.1116,85680533462.4446,-3947934905.66708,-4.40477783180739,"Stump wood and bark weight"
1,"Alabama",33,"BIOMASS",2,27733771300.3256,55476265170.1405,27742493869.8149,100.031451076,"Total aboveground biomass"
1,"Alabama",33,"CARBON",2,13866885722.9915,26341665453.4799,12474779730.4884,89.9609326829968,"Total aboveground carbon"
1,"Alabama",33,"VMERIB",2,710985386.870797,733773382.689099,22787995.8183026,3.2051285777613,"Merchantable wood volume"
1,"Alabama",33,"WMERBCH",2,2356918641.0757,6614570565.7487,4257651924.67299,180.644840703105,"Top and limb weight"
1,"Alabama",33,"WMEROB",2,21607459258.6198,43306391679.3569,21698932420.7372,100.423340666862,"Merch bole wood and bark weight"
1,"Alabama",33,"WSTPOB",2,1970577598.16287,3489013150.90488,1518435552.74201,77.0553544380905,"Stump wood and bark weight"
2,"Alaska",27,"BIOMASS",1,1500580603398.24,1680280076359.53,179699472961.297,11.9753295860514,"Total aboveground biomass"
2,"Alaska",27,"CARBON",1,750290303465.658,835760143487.024,85469840021.3665,11.3915693201117,"Total aboveground carbon"
2,"Alaska",27,"VMERIB",1,42448689204.0574,44398666877.6344,1949977673.57698,4.59372882918277,"Merchantable wood volume"
2,"Alaska",27,"VSAWIB",1,41678384532.5843,38955312564.0563,-2723071968.52792,-6.53353530629051,"Sawlog wood volume"
2,"Alaska",27,"WMERBCH",1,193010593755.706,360184049640.944,167173455885.238,86.6136167099876,"Top and limb weight"
2,"Alaska",27,"WMEROB",1,1196464993665.77,1207697623051.49,11232629385.7236,0.938818055287076,"Merch bole wood and bark weight"
2,"Alaska",27,"WSTPOB",1,59664517632.0239,51333001976.0645,-8331515655.95946,-13.9639370041394,"Stump wood and bark weight"
2,"Alaska",27,"BIOMASS",2,176094345853.225,243997994882.101,67903649028.8755,38.5609479395058,"Total aboveground biomass"
2,"Alaska",27,"CARBON",2,88047173098.5125,121254293595.609,33207120497.0966,37.7151466974897,"Total aboveground carbon"
2,"Alaska",27,"VMERIB",2,5772550148.1022,6039053102.04394,266502953.941741,4.61672825881569,"Merchantable wood volume"
2,"Alaska",27,"WMERBCH",2,10151467835.259,30241191807.0054,20089723971.7463,197.899695864364,"Top and limb weight"
2,"Alaska",27,"WMEROB",2,152870193388.902,198032153741.242,45161960352.3405,29.5426854321094,"Merch bole wood and bark weight"
2,"Alaska",27,"WSTPOB",2,11070734230.2412,13683909882.5161,2613175652.27487,23.6043571991514,"Stump wood and bark weight"
4,"Arizona",22,"BIOMASS",1,254437491217.864,311323985722.886,56886494505.022,22.3577485506303,"Total aboveground biomass"
4,"Arizona",22,"CARBON",1,127218745841.759,158547809137.768,31329063296.009,24.626137515125,"Total aboveground carbon"
4,"Arizona",22,"VMERIB",1,6968885817.26116,7052145926.47132,83260109.2101622,1.19474061411562,"Merchantable wood volume"
4,"Arizona",22,"VSAWIB",1,6166459545.68909,6005173610.94897,-161285934.740118,-2.6155354388544,"Sawlog wood volume"
4,"Arizona",22,"WMERBCH",1,35385691102.5332,75832139768.1729,40446448665.6397,114.301706156996,"Top and limb weight"
4,"Arizona",22,"WMEROB",1,204126180338.447,217485289601.246,13359109262.7993,6.54453497373513,"Merch bole wood and bark weight"
4,"Arizona",22,"WSTPOB",1,9316765048.81825,9488221143.60032,171456094.782072,1.84029643211642,"Stump wood and bark weight"
4,"Arizona",22,"BIOMASS",2,33780515882.5896,51998791059.4761,18218275176.8865,53.9313112926027,"Total aboveground biomass"
4,"Arizona",22,"CARBON",2,16890257967.2868,26194786750.3362,9304528783.04942,55.0881389797037,"Total aboveground carbon"
4,"Arizona",22,"VMERIB",2,1078827088.13496,1191598990.75426,112771902.619299,10.4531953136489,"Merchantable wood volume"
4,"Arizona",22,"WMERBCH",2,3756570966.858,10299294001.3197,6542723034.46167,174.167428013053,"Top and limb weight"
4,"Arizona",22,"WMEROB",2,28304034977.5199,39385201178.9531,11081166201.4332,39.1504822907203,"Merch bole wood and bark weight"
4,"Arizona",22,"WSTPOB",2,1523725181.71007,1997050530.78997,473325349.079903,31.0636953934627,"Stump wood and bark weight"
5,"Arkansas",33,"BIOMASS",1,1680674532097.44,1906564223562.17,225889691464.728,13.4404185433109,"Total aboveground biomass"
5,"Arkansas",33,"CARBON",1,840337269005.008,906951209291.512,66613940286.504,7.9270481916597,"Total aboveground carbon"
5,"Arkansas",33,"VMERIB",1,32589835991.5546,33702415053.2216,1112579061.66708,3.41388358614445,"Merchantable wood volume"
5,"Arkansas",33,"VSAWIB",1,20328002772.2996,20681720956.7196,353718184.419991,1.7400537986053,"Sawlog wood volume"
5,"Arkansas",33,"WMERBCH",1,265317016803.548,441541689119.593,176224672316.045,66.4204182751417,"Top and limb weight"
5,"Arkansas",33,"WMEROB",1,1206153459040.39,1230865018493.78,24711559453.3914,2.04879066325869,"Merch bole wood and bark weight"
5,"Arkansas",33,"WSTPOB",1,72578157326.4685,74620916258.3867,2042758931.9182,2.81456433611222,"Stump wood and bark weight"
5,"Arkansas",33,"BIOMASS",2,31399942979.4273,81516915957.6548,50116972978.2275,159.608484037896,"Total aboveground biomass"
5,"Arkansas",33,"CARBON",2,15699971570.9027,38779344999.2618,23079373428.3591,147.002644712636,"Total aboveground carbon"
5,"Arkansas",33,"VMERIB",2,437271895.553029,463334454.034551,26062558.4815217,5.96026379618103,"Merchantable wood volume"
5,"Arkansas",33,"WMERBCH",2,2470372576.97391,11460982336.677,8990609759.70304,363.937401325759,"Top and limb weight"
5,"Arkansas",33,"WMEROB",2,23900296053.3565,62107288208.8176,38206992155.4611,159.859911651996,"Merch bole wood and bark weight"
5,"Arkansas",33,"WSTPOB",2,2186299888.41109,4993433637.62089,2807133749.2098,128.396555481229,"Stump wood and bark weight"
6,"California",26,"BIOMASS",1,4104047153729.94,4443844742354.29,339797588624.355,8.27957320898548,"Total aboveground biomass"
6,"California",26,"CARBON",1,2052023579552.86,2233520116767.18,181496537214.329,8.84475885281386,"Total aboveground carbon"
6,"California",26,"VMERIB",1,103702653229.22,99854958099.5488,-3847695129.6711,-3.71031503038434,"Merchantable wood volume"
6,"California",26,"WMERBCH",1,586628723438.467,927250514379.708,340621790941.24,58.0642879101996,"Top and limb weight"
6,"California",26,"WMEROB",1,3254821229528.28,3276431040477.6,21609810949.3164,0.663932346061547,"Merch bole wood and bark weight"
6,"California",26,"WSTPOB",1,148839841282.753,135239990765.632,-13599850517.1204,-9.1372379867596,"Stump wood and bark weight"
6,"California",26,"BIOMASS",2,337294816640.607,452113193668.63,114818377028.023,34.0409550824388,"Total aboveground biomass"
6,"California",26,"CARBON",2,168647408521.788,227857063337.365,59209654815.5778,35.1085470773353,"Total aboveground carbon"
6,"California",26,"VMERIB",2,11585550944.179,10808873653.7172,-776677290.461823,-6.70384424706235,"Merchantable wood volume"
6,"California",26,"WMERBCH",2,32316433942.0682,61813630483.284,29497196541.2158,91.2761494479671,"Top and limb weight"
6,"California",26,"WMEROB",2,284657151836.649,366138592703.8,81481440867.1511,28.6244137347055,"Merch bole wood and bark weight"
6,"California",26,"WSTPOB",2,15250425193.4842,19890889761.4286,4640464567.94436,30.4284274639569,"Stump wood and bark weight"
6,"California",26,"VSAWIB",1,89197547606.8231,88289191206.6353,-908356400.187836,-1.01836476961431,"Sawlog wood volume"
8,"Colorado",22,"BIOMASS",1,978315753456.328,1126523859418.3,148208105961.97,15.1493120128507,"Total aboveground biomass"
8,"Colorado",22,"CARBON",1,489157878436.489,552936701113.957,63778822677.4687,13.0384944184743,"Total aboveground carbon"
8,"Colorado",22,"VMERIB",1,28198438742.3149,25943761232.3916,-2254677509.92334,-7.9957529937285,"Merchantable wood volume"
8,"Colorado",22,"WMERBCH",1,143865358869.206,316793135850.838,172927776981.632,120.201123008943,"Top and limb weight"
8,"Colorado",22,"WMEROB",1,739456011773.913,701324736622.904,-38131275151.0093,-5.15666578455891,"Merch bole wood and bark weight"
8,"Colorado",22,"WSTPOB",1,38028482188.101,38654243519.0304,625761330.929337,1.64550698561705,"Stump wood and bark weight"
8,"Colorado",22,"VSAWIB",1,19028878468.3936,17349030434.5865,-1679848033.80712,-8.82788776331351,"Sawlog wood volume"
8,"Colorado",22,"BIOMASS",2,233174526599.648,336262392685.355,103087866085.707,44.2106037863668,"Total aboveground biomass"
8,"Colorado",22,"CARBON",2,116587263549.612,164854141938.296,48266878388.6839,41.3997866655001,"Total aboveground carbon"
8,"Colorado",22,"VMERIB",2,8483258852.49564,7943681362.22832,-539577490.267323,-6.36049777154434,"Merchantable wood volume"
8,"Colorado",22,"WMERBCH",2,23574280359.9631,92862574099.6144,69288293739.6513,293.914777807282,"Top and limb weight"
8,"Colorado",22,"WMEROB",2,195034574838.605,226978111031.512,31943536192.907,16.3783966095965,"Merch bole wood and bark weight"
8,"Colorado",22,"WSTPOB",2,11289115641.5859,12838982349.8831,1549866708.29726,13.728858464236,"Stump wood and bark weight"
9,"Connecticut",24,"BIOMASS",1,264113703833.59,279792780256.454,15679076422.8644,5.93648727623135,"Total aboveground biomass"
9,"Connecticut",24,"CARBON",1,132056852025.605,134463490727.446,2406638701.84007,1.82242622395196,"Total aboveground carbon"
9,"Connecticut",24,"VMERIB",1,5359204630.47802,5197330993.62552,-161873636.852498,-3.02047874663931,"Merchantable wood volume"
9,"Connecticut",24,"WMERBCH",1,46876111002.075,78086875312.9425,31210764310.8675,66.5813857926182,"Top and limb weight"
9,"Connecticut",24,"WMEROB",1,203020886845.541,188339294384.531,-14681592461.0095,-7.2315674949146,"Merch bole wood and bark weight"
9,"Connecticut",24,"WSTPOB",1,10911619825.7977,9703638635.99763,-1207981189.80005,-11.0705945504451,"Stump wood and bark weight"
9,"Connecticut",24,"VSAWIB",1,3394404926.48064,3344014948.61888,-50389977.861762,-1.48450108202049,"Sawlog wood volume"
9,"Connecticut",24,"BIOMASS",2,1045633172.38754,2130064156.2563,1084430983.86875,103.710461039852,"Total aboveground biomass"
9,"Connecticut",24,"CARBON",2,522816589.651914,1030889169.71356,508072580.061651,97.1798887253981,"Total aboveground carbon"
9,"Connecticut",24,"VMERIB",2,24402786.500513,45128695.6804943,20725909.1799813,84.9325513688597,"Merchantable wood volume"
9,"Connecticut",24,"WMERBCH",2,99937379.3137208,228578887.996571,128641508.68285,128.722115354878,"Top and limb weight"
9,"Connecticut",24,"WMEROB",2,692374366.706326,1572479894.46342,880105527.75709,127.114111971507,"Merch bole wood and bark weight"
9,"Connecticut",24,"WSTPOB",2,61368153.0382158,129082075.92802,67713922.8898046,110.340493460243,"Stump wood and bark weight"
10,"Delaware",24,"BIOMASS",1,49590266720.8188,54022551841.5455,4432285120.72666,8.93781262698051,"Total aboveground biomass"
10,"Delaware",24,"CARBON",1,24795133396.9524,25608921043.8835,813787646.931099,3.28204585110691,"Total aboveground carbon"
10,"Delaware",24,"VMERIB",1,1078210911.66111,1004781198.3724,-73429713.2887025,-6.81032926809985,"Merchantable wood volume"
10,"Delaware",24,"VSAWIB",1,693719010.034296,672347336.735397,-21371673.2988997,-3.08073917389738,"Sawlog wood volume"
10,"Delaware",24,"WMERBCH",1,8491894196.6664,14649472333.3357,6157578136.6693,72.5112441825587,"Top and limb weight"
10,"Delaware",24,"WMEROB",1,37893492254.2953,35920890932.4602,-1972601321.8352,-5.20564668095904,"Merch bole wood and bark weight"
10,"Delaware",24,"WSTPOB",1,2023330498.58851,2175446628.92689,152116130.338375,7.51810593694366,"Stump wood and bark weight"
10,"Delaware",24,"BIOMASS",2,384024360.119851,689887033.225634,305862673.105783,79.6466851765149,"Total aboveground biomass"
10,"Delaware",24,"CARBON",2,192012181.40376,328785502.069966,136773320.666206,71.2315852391684,"Total aboveground carbon"
10,"Delaware",24,"VMERIB",2,9045482.99139971,14083823.8201892,5038340.82878947,55.7000752041637,"Merchantable wood volume"
10,"Delaware",24,"WMERBCH",2,35198219.3216228,80876224.3337737,45678005.0121509,129.773624610863,"Top and limb weight"
10,"Delaware",24,"WMEROB",2,276155133.653748,505345616.035145,229190482.381396,82.9933810568817,"Merch bole wood and bark weight"
10,"Delaware",24,"WSTPOB",2,21641101.7339442,54631575.2716012,32990473.537657,152.443595262579,"Stump wood and bark weight"
12,"Florida",33,"BIOMASS",1,1265313014616.21,1426299450574.64,160986435958.433,12.7230522486377,"Total aboveground biomass"
12,"Florida",33,"CARBON",1,632656509425.94,691087318792.657,58430809366.7166,9.23578727100042,"Total aboveground carbon"
12,"Florida",33,"VMERIB",1,24983939855.5049,24752097038.2519,-231842817.252972,-0.927967400633523,"Merchantable wood volume"
12,"Florida",33,"VSAWIB",1,11478829713.4407,11316059224.982,-162770488.458733,-1.41800595114798,"Sawlog wood volume"
12,"Florida",33,"WMERBCH",1,184484614800.621,309086545338.46,124601930537.839,67.540553813932,"Top and limb weight"
12,"Florida",33,"WMEROB",1,913075818705.701,921822635244.723,8746816539.02148,0.957950737477664,"Merch bole wood and bark weight"
12,"Florida",33,"WSTPOB",1,62717793736.6122,73453420933.5669,10735627196.9547,17.1173546729652,"Stump wood and bark weight"
12,"Florida",33,"BIOMASS",2,24648252346.0307,48150823818.6532,23502571472.6225,95.3518778641005,"Total aboveground biomass"
12,"Florida",33,"CARBON",2,12324126243.8297,23250631336.5935,10926505092.7638,88.6594706722865,"Total aboveground carbon"
12,"Florida",33,"VMERIB",2,506820505.826756,521610140.090421,14789634.2636649,2.9181207337969,"Merchantable wood volume"
12,"Florida",33,"WMERBCH",2,1876256931.95095,5376448372.51609,3500191440.56514,186.551819261002,"Top and limb weight"
12,"Florida",33,"WMEROB",2,18002139745.0109,35883643782.4211,17881504037.4102,99.3298812846172,"Merch bole wood and bark weight"
12,"Florida",33,"WSTPOB",2,1719199102.72861,3949513927.78017,2230314825.05157,129.729873725024,"Stump wood and bark weight"
13,"Georgia",33,"BIOMASS",1,2259653150985.99,2521199848928.18,261546697942.189,11.5746391355711,"Total aboveground biomass"
13,"Georgia",33,"CARBON",1,1129826579250.2,1205005065267.66,75178486017.4653,6.65398454932411,"Total aboveground carbon"
13,"Georgia",33,"VMERIB",1,45839995554.5555,46410698082.4667,570702527.911171,1.24498818336917,"Merchantable wood volume"
13,"Georgia",33,"WMERBCH",1,346236118050.331,517497788593.278,171261670542.948,49.4638374261266,"Top and limb weight"
13,"Georgia",33,"WMEROB",1,1634980271491.95,1688768592098.35,53788320606.3994,3.28984523815181,"Merch bole wood and bark weight"
13,"Georgia",33,"WSTPOB",1,101121475740.572,99699993841.833,-1421481898.73936,-1.40571712223246,"Stump wood and bark weight"
13,"Georgia",33,"BIOMASS",2,40419551791.6351,76548391866.6042,36128840074.9691,89.3845638398346,"Total aboveground biomass"
13,"Georgia",33,"CARBON",2,20209776022.2415,36601275825.75,16391499803.5086,81.106786069619,"Total aboveground carbon"
13,"Georgia",33,"VMERIB",2,916124750.578349,940980551.127832,24855800.5494837,2.71314583890373,"Merchantable wood volume"
13,"Georgia",33,"WMERBCH",2,3323448278.59487,8924204295.53861,5600756016.94373,168.522436561332,"Top and limb weight"
13,"Georgia",33,"WMEROB",2,30275742011.8711,58197521968.9396,27921779957.0685,92.2249236570996,"Merch bole wood and bark weight"
13,"Georgia",33,"WSTPOB",2,2635463244.01647,4669271757.23067,2033808513.21419,77.1708168509552,"Stump wood and bark weight"
13,"Georgia",33,"VSAWIB",1,26147529176.4947,26192900114.9746,45370938.4798737,0.17351902802602,"Sawlog wood volume"
16,"Idaho",22,"BIOMASS",1,1671388447175.33,1872931774715.26,201543327539.925,12.0584372759388,"Total aboveground biomass"
16,"Idaho",22,"CARBON",1,835694225437.125,933527071882.239,97832846445.1139,11.7067754529404,"Total aboveground carbon"
16,"Idaho",22,"VMERIB",1,47237644054.1249,47235302458.8804,-2341595.24452209,-0.00495705340816551,"Merchantable wood volume"
16,"Idaho",22,"WMERBCH",1,223323286531.478,397834824113.33,174511537581.852,78.1430097560627,"Top and limb weight"
16,"Idaho",22,"WMEROB",1,1325216407693.76,1348519945960.01,23303538266.2551,1.75847040007675,"Merch bole wood and bark weight"
16,"Idaho",22,"WSTPOB",1,64151548422.4372,56548727633.4144,-7602820789.02283,-11.851344162355,"Stump wood and bark weight"
16,"Idaho",22,"VSAWIB",1,37716134878.4359,39115273943.1511,1399139064.71522,3.70965654149034,"Sawlog wood volume"
16,"Idaho",22,"BIOMASS",2,314778935354.708,466417331969.289,151638396614.581,48.1729809663749,"Total aboveground biomass"
16,"Idaho",22,"CARBON",2,157389467929.695,232107349194.202,74717881264.5071,47.4732409019156,"Total aboveground carbon"
16,"Idaho",22,"VMERIB",2,10655447976.5377,11323109002.5842,667661026.046492,6.26591230623638,"Merchantable wood volume"
16,"Idaho",22,"WMERBCH",2,27242841909.994,101336793806.13,74093951896.1358,271.975853844215,"Top and limb weight"
16,"Idaho",22,"WMEROB",2,269044632493.852,344471875942.479,75427243448.627,28.0352158485639,"Merch bole wood and bark weight"
16,"Idaho",22,"WSTPOB",2,15856095542.5237,17558635520.3729,1702539977.84922,10.7374477738435,"Stump wood and bark weight"
17,"Illinois",23,"BIOMASS",1,499790149534.536,660856714627.692,161066565093.156,32.2268386528145,"Total aboveground biomass"
17,"Illinois",23,"CARBON",1,249895075045.948,314844160650.012,64949085604.0643,25.9905424675225,"Total aboveground carbon"
17,"Illinois",23,"VMERIB",1,10087300267.0483,11805911002.953,1718610735.90467,17.0373706582203,"Merchantable wood volume"
17,"Illinois",23,"WMERBCH",1,86794506280.5457,200596261665.19,113801755384.645,131.116311690055,"Top and limb weight"
17,"Illinois",23,"WMEROB",1,382680445238.475,425776117049.416,43095671810.9401,11.2615296514783,"Merch bole wood and bark weight"
17,"Illinois",23,"WSTPOB",1,20949944616.0849,23634680667.9794,2684736051.8945,12.8150030994985,"Stump wood and bark weight"
17,"Illinois",23,"VSAWIB",1,5776973757.22945,6886009779.01676,1109036021.78731,19.1975257010546,"Sawlog wood volume"
17,"Illinois",23,"BIOMASS",2,6580481569.78687,9969877829.87518,3389396260.0883,51.5068118365397,"Total aboveground biomass"
17,"Illinois",23,"CARBON",2,3290240794.79459,4697695994.85555,1407455200.06096,42.7766624949659,"Total aboveground carbon"
17,"Illinois",23,"VMERIB",2,190442033.976884,195650329.134366,5208295.15748245,2.73484537458502,"Merchantable wood volume"
17,"Illinois",23,"WMERBCH",2,601407058.164307,1481748000.36634,880340942.202032,146.380214573657,"Top and limb weight"
17,"Illinois",23,"WMEROB",2,4898561045.70487,7230855740.77502,2332294695.07015,47.611832807823,"Merch bole wood and bark weight"
17,"Illinois",23,"WSTPOB",2,429112485.47234,556162850.998657,127050365.526316,29.6077065635756,"Stump wood and bark weight"
18,"Indiana",23,"BIOMASS",1,541925526708.87,743815557359.386,201890030650.516,37.2542020444395,"Total aboveground biomass"
18,"Indiana",23,"CARBON",1,270962763632.299,354618015483.508,83655251851.2086,30.873338731048,"Total aboveground carbon"
18,"Indiana",23,"VMERIB",1,11247603513.9329,14260883042.9329,3013279529.00007,26.7904138447572,"Merchantable wood volume"
18,"Indiana",23,"WMERBCH",1,94366259302.4061,203143550395.49,108777291093.083,115.27138184475,"Top and limb weight"
18,"Indiana",23,"WMEROB",1,416501137364.138,507224742854.768,90723605490.6296,21.782318786638,"Merch bole wood and bark weight"
18,"Indiana",23,"WSTPOB",1,22285531527.7731,23603198243.7646,1317666715.99147,5.91265554671353,"Stump wood and bark weight"
18,"Indiana",23,"VSAWIB",1,7534557267.50019,9567885919.0953,2033328651.59511,26.9867037890299,"Sawlog wood volume"
18,"Indiana",23,"BIOMASS",2,7698439444.80794,13006901045.6732,5308461600.86528,68.9550348343061,"Total aboveground biomass"
18,"Indiana",23,"CARBON",2,3849219738.55449,6191820811.378,2342601072.82351,60.8591151437675,"Total aboveground carbon"
18,"Indiana",23,"VMERIB",2,222987041.997047,260959360.054684,37972318.0576366,17.0289348284818,"Merchantable wood volume"
18,"Indiana",23,"WMERBCH",2,678638690.710575,2294707458.95276,1616068768.24218,238.133898105641,"Top and limb weight"
18,"Indiana",23,"WMEROB",2,5447437570.01981,9065967317.97821,3618529747.9584,66.4262729301043,"Merch bole wood and bark weight"
18,"Indiana",23,"WSTPOB",2,521148736.099951,566299846.604344,45151110.5043933,8.66376667096701,"Stump wood and bark weight"
19,"Iowa",23,"BIOMASS",1,240048857558.374,298331405314.919,58282547756.5452,24.2794522537447,"Total aboveground biomass"
19,"Iowa",23,"CARBON",1,120024428924.961,141819885075.22,21795456150.2591,18.1591833808146,"Total aboveground carbon"
19,"Iowa",23,"VMERIB",1,4988707303.48289,5177076452.46812,188369148.985225,3.77591102315651,"Merchantable wood volume"
19,"Iowa",23,"WMERBCH",1,42386097963.5609,102106073765.949,59719975802.3886,140.895195999711,"Top and limb weight"
19,"Iowa",23,"WMEROB",1,182490727799.204,178840785775.909,-3649942023.2948,-2.00006984865054,"Merch bole wood and bark weight"
19,"Iowa",23,"WSTPOB",1,10174384918.3518,11521160362.6567,1346775444.3049,13.236922478485,"Stump wood and bark weight"
19,"Iowa",23,"BIOMASS",2,4454464789.35263,6438834258.96488,1984369469.61225,44.5478764217741,"Total aboveground biomass"
19,"Iowa",23,"CARBON",2,2227232403.84695,3066604597.02707,839372193.180122,37.6867807656862,"Total aboveground carbon"
19,"Iowa",23,"VMERIB",2,127749139.193981,120904472.046085,-6844667.14789648,-5.35789688375369,"Merchantable wood volume"
19,"Iowa",23,"WMERBCH",2,427946968.528218,1241317113.84172,813370145.313498,190.063303430052,"Top and limb weight"
19,"Iowa",23,"WMEROB",2,3211598443.94231,4290533882.81509,1078935438.87278,33.5949670453932,"Merch bole wood and bark weight"
19,"Iowa",23,"WSTPOB",2,257749989.500441,364677697.215568,106927707.715127,41.4850483301159,"Stump wood and bark weight"
19,"Iowa",23,"VSAWIB",1,2449644092.45424,2647560090.8337,197915998.379459,8.07937769364578,"Sawlog wood volume"
20,"Kansas",23,"BIOMASS",1,171358756517.437,194014221932.52,22655465415.0829,13.2210724888037,"Total aboveground biomass"
20,"Kansas",23,"CARBON",1,85679378383.9049,91706774082.1196,6027395698.21474,7.03482659643922,"Total aboveground carbon"
20,"Kansas",23,"VMERIB",1,3448414345.85521,3029671305.82293,-418743040.032272,-12.1430604920078,"Merchantable wood volume"
20,"Kansas",23,"VSAWIB",1,959676066.243072,914642732.519953,-45033333.7231194,-4.69255567656442,"Sawlog wood volume"
20,"Kansas",23,"WMERBCH",1,30075706281.2447,70807255790.1792,40731549508.9345,135.43006813554,"Top and limb weight"
20,"Kansas",23,"WMEROB",1,129010935122.089,109705587362.699,-19305347759.3894,-14.9641173758797,"Merch bole wood and bark weight"
20,"Kansas",23,"WSTPOB",1,8278591987.60612,8969838801.05779,691246813.451663,8.34981135060803,"Stump wood and bark weight"
20,"Kansas",23,"BIOMASS",2,2480460875.92858,3381295580.88061,900834704.952025,36.3172309506712,"Total aboveground biomass"
20,"Kansas",23,"CARBON",2,1240230444.13165,1589209436.92553,348978992.793879,28.1382378932182,"Total aboveground carbon"
20,"Kansas",23,"VMERIB",2,59704348.4498422,50727281.9792137,-8977066.47062853,-15.0358670745234,"Merchantable wood volume"
20,"Kansas",23,"WMERBCH",2,181432278.405213,627970822.964626,446538544.559412,246.118578504596,"Top and limb weight"
20,"Kansas",23,"WMEROB",2,1614651330.01922,1953580645.83495,338929315.815728,20.9908671621193,"Merch bole wood and bark weight"
20,"Kansas",23,"WSTPOB",2,155915689.344717,203500577.104826,47584887.7601086,30.5196276013649,"Stump wood and bark weight"
21,"Kentucky",33,"BIOMASS",1,1410688934970.77,1701416483829.26,290727548858.489,20.6089054540229,"Total aboveground biomass"
21,"Kentucky",33,"CARBON",1,705344469296.738,811131326270.113,105786856973.375,14.9978998316737,"Total aboveground carbon"
21,"Kentucky",33,"VMERIB",1,26692027041.0019,30299756218.4997,3607729177.49785,13.5161303858863,"Merchantable wood volume"
21,"Kentucky",33,"WMERBCH",1,244710387882.52,419201939065.552,174491551183.033,71.3053306371296,"Top and limb weight"
21,"Kentucky",33,"WMEROB",1,1015561646684.65,1116739946577.67,101178299893.02,9.96279253192769,"Merch bole wood and bark weight"
21,"Kentucky",33,"WSTPOB",1,58377783791.3642,56549525374.0979,-1828258417.26622,-3.13177085276176,"Stump wood and bark weight"
21,"Kentucky",33,"VSAWIB",1,15029564037.2868,17150110297.2096,2120546259.92282,14.1091668039204,"Sawlog wood volume"
21,"Kentucky",33,"BIOMASS",2,37355176374.7259,61256381818.7535,23901205444.0276,63.9836503628421,"Total aboveground biomass"
21,"Kentucky",33,"CARBON",2,18677588261.229,29094350793.4973,10416762532.2682,55.7714539295812,"Total aboveground carbon"
21,"Kentucky",33,"VMERIB",2,1038466173.57106,1174818862.31871,136352688.74765,13.1302003105949,"Merchantable wood volume"
21,"Kentucky",33,"WMERBCH",2,4014392230.04466,7447930057.28489,3433537827.24024,85.5307012987627,"Top and limb weight"
21,"Kentucky",33,"WMEROB",2,27811296576.5336,47336907638.0056,19525611061.4719,70.2074820846255,"Merch bole wood and bark weight"
21,"Kentucky",33,"WSTPOB",2,2600487847.36762,3422641336.22041,822153488.852789,31.6153559296586,"Stump wood and bark weight"
22,"Louisiana",33,"BIOMASS",1,1327717536830.71,1433372642442.2,105655105611.488,7.95764932529916,"Total aboveground biomass"
22,"Louisiana",33,"CARBON",1,663858770765.049,679469610434.878,15610839669.829,2.35153022861152,"Total aboveground carbon"
22,"Louisiana",33,"VMERIB",1,27085301323.6204,27154620530.3319,69319206.7114677,0.255929243257176,"Merchantable wood volume"
22,"Louisiana",33,"VSAWIB",1,16749929567.5173,16563783601.8474,-186145965.669895,-1.11132387106202,"Sawlog wood volume"
22,"Louisiana",33,"WMERBCH",1,198760898292.393,295411473833.637,96650575541.244,48.6265540011112,"Top and limb weight"
22,"Louisiana",33,"WMEROB",1,961177082100.573,947679547273.526,-13497534827.0463,-1.40427139581278,"Merch bole wood and bark weight"
22,"Louisiana",33,"WSTPOB",1,58673644107.3504,59602972653.4022,929328546.051758,1.58389437061629,"Stump wood and bark weight"
22,"Louisiana",33,"BIOMASS",2,18253833849.7621,40372329436.0439,22118495586.2817,121.171781053381,"Total aboveground biomass"
22,"Louisiana",33,"CARBON",2,9126916965.58471,19099158992.6369,9972242027.05217,109.261890566716,"Total aboveground carbon"
22,"Louisiana",33,"VMERIB",2,445880430.97604,454298989.091415,8418558.11537457,1.88807526200381,"Merchantable wood volume"
22,"Louisiana",33,"WMERBCH",2,1604561358.84889,5304112379.99118,3699551021.14229,230.564633800999,"Top and limb weight"
22,"Louisiana",33,"WMEROB",2,14259856893.6168,30967477127.1806,16707620233.5637,117.165413076779,"Merch bole wood and bark weight"
22,"Louisiana",33,"WSTPOB",2,1208806068.98885,2676272650.57094,1467466581.58209,121.398015713936,"Stump wood and bark weight"
23,"Maine",24,"BIOMASS",1,1268052175733.38,1407370471669.13,139318295935.751,10.9867952282939,"Total aboveground biomass"
23,"Maine",24,"CARBON",1,634026090376.557,690447218908.488,56421128531.9318,8.89886542341223,"Total aboveground carbon"
23,"Maine",24,"VMERIB",1,29572174967.7788,28243356613.2929,-1328818354.48589,-4.4934752209932,"Merchantable wood volume"
23,"Maine",24,"WMERBCH",1,212660877283.818,356111945149.829,143451067866.011,67.4553165105965,"Top and limb weight"
23,"Maine",24,"WMEROB",1,895475974894.531,865745879062.031,-29730095832.4998,-3.32003277206866,"Merch bole wood and bark weight"
23,"Maine",24,"WSTPOB",1,53037350966.8709,54299917633.398,1262566666.52704,2.38052361875254,"Stump wood and bark weight"
23,"Maine",24,"VSAWIB",1,13833982329.0111,13275105441.2753,-558876887.735853,-4.03988435465785,"Sawlog wood volume"
23,"Maine",24,"BIOMASS",2,22387850482.6978,39076200789.6712,16688350306.9734,74.5419946406683,"Total aboveground biomass"
23,"Maine",24,"CARBON",2,11193925398.8235,19318948319.3581,8125022920.53461,72.5842153762126,"Total aboveground carbon"
23,"Maine",24,"VMERIB",2,451960183.306791,857689468.924903,405729285.618111,89.7710242193396,"Merchantable wood volume"
23,"Maine",24,"WMERBCH",2,1611460571.74428,4534276348.52221,2922815776.77792,181.376809834956,"Top and limb weight"
23,"Maine",24,"WMEROB",2,12386294215.2198,24624008739.0519,12237714523.8322,98.8004508143763,"Merch bole wood and bark weight"
23,"Maine",24,"WSTPOB",2,919262867.793154,2177193594.81954,1257930727.02639,136.841242162458,"Stump wood and bark weight"
24,"Maryland",24,"BIOMASS",1,369814475747.098,416045776406.575,46231300659.4769,12.5012144443726,"Total aboveground biomass"
24,"Maryland",24,"CARBON",1,184907238069.458,197370527786.708,12463289717.2498,6.74029305038245,"Total aboveground carbon"
24,"Maryland",24,"VMERIB",1,7997081096.38287,8007434648.90998,10353552.5271177,0.129466644170968,"Merchantable wood volume"
24,"Maryland",24,"VSAWIB",1,5422644359.95618,5766852841.8893,344208481.93312,6.34761306632879,"Sawlog wood volume"
24,"Maryland",24,"WMERBCH",1,62264450278.6604,110216435235.07,47951984956.41,77.0134237784226,"Top and limb weight"
24,"Maryland",24,"WMEROB",1,286093767705.486,284445229758.266,-1648537947.21948,-0.576222949713655,"Merch bole wood and bark weight"
24,"Maryland",24,"WSTPOB",1,14910617101.9874,14689043967.0886,-221573134.898798,-1.48600915296299,"Stump wood and bark weight"
24,"Maryland",24,"BIOMASS",2,3188426181.27099,5516136747.99604,2327710566.72505,73.0050010377584,"Total aboveground biomass"
24,"Maryland",24,"CARBON",2,1594213100.98392,2620589107.22995,1026376006.24603,64.3813556426412,"Total aboveground carbon"
24,"Maryland",24,"VMERIB",2,63868825.0185719,107882964.254049,44014139.2354767,68.9133379589779,"Merchantable wood volume"
24,"Maryland",24,"WMERBCH",2,320255655.906251,806648055.390853,486392399.484602,151.876287120745,"Top and limb weight"
24,"Maryland",24,"WMEROB",2,2181305944.63736,3899382666.10628,1718076721.46892,78.7636748385859,"Merch bole wood and bark weight"
24,"Maryland",24,"WSTPOB",2,158302909.143485,277984257.008843,119681347.865358,75.602746982293,"Stump wood and bark weight"
25,"Massachusetts",24,"BIOMASS",1,432253346780.137,467125932996.778,34872586216.6415,8.06762665376868,"Total aboveground biomass"
25,"Massachusetts",24,"CARBON",1,216126673622.604,226800900940.124,10674227317.52,4.93887549306344,"Total aboveground carbon"
25,"Massachusetts",24,"VMERIB",1,9669427643.76031,9589305111.93224,-80122531.8280678,-0.828617109305027,"Merchantable wood volume"
25,"Massachusetts",24,"WMERBCH",1,75267606135.6495,124702772838.812,49435166703.163,65.6792068211515,"Top and limb weight"
25,"Massachusetts",24,"WMEROB",1,333146070703.219,319112416281.013,-14033654422.206,-4.21246283727229,"Merch bole wood and bark weight"
25,"Massachusetts",24,"WSTPOB",1,17723318484.7111,16618823000.1028,-1104495484.60832,-6.23187743063527,"Stump wood and bark weight"
25,"Massachusetts",24,"VSAWIB",1,6038001512.33902,6217453254.93936,179451742.600342,2.97203871568467,"Sawlog wood volume"
25,"Massachusetts",24,"BIOMASS",2,2916069056.17805,6635127276.13667,3719058219.95862,127.536699176562,"Total aboveground biomass"
25,"Massachusetts",24,"CARBON",2,1458034538.24355,3244568293.56381,1786533755.32026,122.530276784282,"Total aboveground carbon"
25,"Massachusetts",24,"VMERIB",2,73488176.3196083,155227567.283905,81739390.9642969,111.227948573391,"Merchantable wood volume"
25,"Massachusetts",24,"WMERBCH",2,271485259.253407,743195641.840537,471710382.58713,173.751747658178,"Top and limb weight"
25,"Massachusetts",24,"WMEROB",2,2013309986.00357,5027900310.51433,3014590324.51076,149.73304386647,"Merch bole wood and bark weight"
25,"Massachusetts",24,"WSTPOB",2,154642667.689509,385062200.054494,230419532.364985,149.001265826337,"Stump wood and bark weight"
26,"Michigan",23,"BIOMASS",1,1643148941903.72,2119744701281.84,476595759378.127,29.0050248777785,"Total aboveground biomass"
26,"Michigan",23,"CARBON",1,821574472747.753,1033774338840.23,212199866092.478,25.8284395549409,"Total aboveground carbon"
26,"Michigan",23,"VMERIB",1,37373633515.6148,43936707142.544,6563073626.92915,17.5607052608012,"Merchantable wood volume"
26,"Michigan",23,"WMERBCH",1,296777041476.765,542892375376.187,246115333899.423,82.929371043916,"Top and limb weight"
26,"Michigan",23,"WMEROB",1,1217338526165.12,1426198797533.56,208860271368.443,17.1571232553034,"Merch bole wood and bark weight"
26,"Michigan",23,"WSTPOB",1,69241513908.488,73211255860.6971,3969741952.20918,5.73318191375153,"Stump wood and bark weight"
26,"Michigan",23,"VSAWIB",1,19263139832.2543,23490313811.4528,4227173979.19844,21.944366370224,"Sawlog wood volume"
26,"Michigan",23,"BIOMASS",2,28930014013.8921,46200171849.2385,17270157835.3464,59.6963341499018,"Total aboveground biomass"
26,"Michigan",23,"CARBON",2,14465007143.805,22506585621.6502,8041578477.84521,55.5933253119009,"Total aboveground carbon"
26,"Michigan",23,"VMERIB",2,804504729.36769,963700158.653336,159195429.285646,19.7880041563916,"Merchantable wood volume"
26,"Michigan",23,"WMERBCH",2,2512192994.05349,6132813160.41657,3620620166.36307,144.121895687684,"Top and limb weight"
26,"Michigan",23,"WMEROB",2,18013110182.7835,30282096987.2048,12268986804.4212,68.1114292863629,"Merch bole wood and bark weight"
26,"Michigan",23,"WSTPOB",2,1626422927.33507,2252423115.28583,626000187.950756,38.4893853517221,"Stump wood and bark weight"
27,"Minnesota",23,"BIOMASS",1,925926542650.14,1150555967145.85,224629424495.715,24.2599616868949,"Total aboveground biomass"
27,"Minnesota",23,"CARBON",1,462963273215.788,561151570570.145,98188297354.3572,21.2086580156417,"Total aboveground carbon"
27,"Minnesota",23,"VMERIB",1,21294387262.5043,22733188085.4014,1438800822.89708,6.75671389441928,"Merchantable wood volume"
27,"Minnesota",23,"WMERBCH",1,164739322213.231,297483189153.509,132743866940.278,80.5781310478261,"Top and limb weight"
27,"Minnesota",23,"WMEROB",1,649429941687.872,713913472780.716,64483531092.8435,9.92925132543942,"Merch bole wood and bark weight"
27,"Minnesota",23,"WSTPOB",1,38462630733.9935,42968612342.4688,4505981608.47526,11.7152194805355,"Stump wood and bark weight"
27,"Minnesota",23,"VSAWIB",1,8681386208.00542,9417066097.52194,735679889.516516,8.47422141913371,"Sawlog wood volume"
27,"Minnesota",23,"BIOMASS",2,28270677890.6962,45316173836.6468,17045495945.9507,60.2939059751387,"Total aboveground biomass"
27,"Minnesota",23,"CARBON",2,14135339132.7917,22084670496.9631,7949331364.17137,56.237287902985,"Total aboveground carbon"
27,"Minnesota",23,"VMERIB",2,865307091.984281,949383334.862725,84076242.8784441,9.71634737046295,"Merchantable wood volume"
27,"Minnesota",23,"WMERBCH",2,1826849269.40507,5208072115.19954,3381222845.79448,185.084938446816,"Top and limb weight"
27,"Minnesota",23,"WMEROB",2,17881278017.3022,30032710382.8633,12151432365.5612,67.9561737913994,"Merch bole wood and bark weight"
27,"Minnesota",23,"WSTPOB",2,1576844463.25553,2357582808.14618,780738344.89065,49.5127048408282,"Stump wood and bark weight"
28,"Mississippi",33,"BIOMASS",1,1861754462958.17,2057630383511.4,195875920553.229,10.5210393986111,"Total aboveground biomass"
28,"Mississippi",33,"CARBON",1,930877234917.693,975172010839.218,44294775921.5244,4.75839071576832,"Total aboveground carbon"
28,"Mississippi",33,"VMERIB",1,37830261533.7169,38317660784.2066,487399250.489723,1.28838456497405,"Merchantable wood volume"
28,"Mississippi",33,"VSAWIB",1,22216391404.8772,22062824325.3817,-153567079.49543,-0.691233228190773,"Sawlog wood volume"
28,"Mississippi",33,"WMERBCH",1,280026070060.113,418677358316.443,138651288256.33,49.5137071439689,"Top and limb weight"
28,"Mississippi",33,"WMEROB",1,1339987477514.23,1375865193019.92,35877715505.6877,2.67746647694375,"Merch bole wood and bark weight"
28,"Mississippi",33,"WSTPOB",1,80863083996.321,76513709171.8695,-4349374824.45157,-5.37869026198586,"Stump wood and bark weight"
28,"Mississippi",33,"BIOMASS",2,23186906548.7926,47687250153.9832,24500343605.1906,105.664563548544,"Total aboveground biomass"
28,"Mississippi",33,"CARBON",2,11593453349.2784,22617411942.6476,11023958593.3692,95.0877901626727,"Total aboveground carbon"
28,"Mississippi",33,"VMERIB",2,650569007.431613,668978387.987599,18409380.5559855,2.82973525416835,"Merchantable wood volume"
28,"Mississippi",33,"WMERBCH",2,1891530689.21232,5920004007.73084,4028473318.51852,212.974251038776,"Top and limb weight"
28,"Mississippi",33,"WMEROB",2,16679667165.9795,35675562611.3396,18995895445.36,113.886537760806,"Merch bole wood and bark weight"
28,"Mississippi",33,"WSTPOB",2,1447276837.94645,2704185638.37081,1256908800.42436,86.8464669280412,"Stump wood and bark weight"
29,"Missouri",23,"BIOMASS",1,1238531381691.16,1603262254069.98,364730872378.818,29.4486581261101,"Total aboveground biomass"
29,"Missouri",23,"CARBON",1,619265691913.386,767447931587.456,148182239674.07,23.9287016234053,"Total aboveground carbon"
29,"Missouri",23,"VMERIB",1,22610342520.8804,26767804272.2521,4157461751.37165,18.3874337486585,"Merchantable wood volume"
29,"Missouri",23,"VSAWIB",1,10687979186.6738,13126828986.9217,2438849800.24793,22.8186241538419,"Sawlog wood volume"
29,"Missouri",23,"WMERBCH",1,227172980038.377,461425255881.641,234252275843.264,103.116257841796,"Top and limb weight"
29,"Missouri",23,"WMEROB",1,917909002299.655,1030573656413.98,112664654114.324,12.2740548172055,"Merch bole wood and bark weight"
29,"Missouri",23,"WSTPOB",1,56014875865.0836,67522657431.7594,11507781566.6758,20.5441525825983,"Stump wood and bark weight"
29,"Missouri",23,"BIOMASS",2,21276652851.4389,31684053420.0204,10407400568.5815,48.9146513845463,"Total aboveground biomass"
29,"Missouri",23,"CARBON",2,10638326491.744,15095896400.87,4457569909.12591,41.9010444225908,"Total aboveground carbon"
29,"Missouri",23,"VMERIB",2,487257408.260064,545195708.727384,57938300.4673201,11.8906966800588,"Merchantable wood volume"
29,"Missouri",23,"WMERBCH",2,1904014735.32104,4670307677.46403,2766292942.14299,145.287370461267,"Top and limb weight"
29,"Missouri",23,"WMEROB",2,14221109635.3534,21395134060.2655,7174024424.91208,50.4463055898086,"Merch bole wood and bark weight"
29,"Missouri",23,"WSTPOB",2,1202002521.87376,1744954392.13716,542951870.2634,45.1706099099535,"Stump wood and bark weight"
30,"Montana",22,"BIOMASS",1,1508360430095.83,1737359819427.33,228999389331.499,15.1820072154074,"Total aboveground biomass"
30,"Montana",22,"CARBON",1,754180217953.227,868038050663.212,113857832709.986,15.0968999185612,"Total aboveground carbon"
30,"Montana",22,"VMERIB",1,40564676062.5932,39845170420.7511,-719505641.842087,-1.77372460889828,"Merchantable wood volume"
30,"Montana",22,"VSAWIB",1,27636605185.9287,27794193465.5677,157588279.639,0.570215764848124,"Sawlog wood volume"
30,"Montana",22,"WMERBCH",1,199560604950.313,415430123085.508,215869518135.194,108.172411177517,"Top and limb weight"
30,"Montana",22,"WMEROB",1,1148721155613.96,1142197694806.9,-6523460807.06763,-0.567888975943948,"Merch bole wood and bark weight"
30,"Montana",22,"WSTPOB",1,62927720178.2732,57783002402.7852,-5144717775.48797,-8.17559854530415,"Stump wood and bark weight"
30,"Montana",22,"BIOMASS",2,371875958495.655,503721272213.788,131845313718.133,35.4541106264263,"Total aboveground biomass"
30,"Montana",22,"CARBON",2,185937979625.91,250121559376.03,64183579750.1192,34.5188109923807,"Total aboveground carbon"
30,"Montana",22,"VMERIB",2,11789578566.418,12004606962.0749,215028395.656836,1.8238853445477,"Merchantable wood volume"
30,"Montana",22,"WMERBCH",2,39794126101.108,119857512118.217,80063386017.1093,201.193979768989,"Top and limb weight"
30,"Montana",22,"WMEROB",2,309502839062.804,358916992754.473,49414153691.6693,15.9656544157394,"Merch bole wood and bark weight"
30,"Montana",22,"WSTPOB",2,18515464453.0474,19751289629.7121,1235825176.66467,6.67455671878255,"Stump wood and bark weight"
31,"Nebraska",23,"BIOMASS",1,89748836092.2878,91991910554.6066,2243074462.31883,2.49927972326271,"Total aboveground biomass"
31,"Nebraska",23,"CARBON",1,44874418102.8626,44407922441.7,-466495661.162628,-1.03955812885041,"Total aboveground carbon"
31,"Nebraska",23,"VMERIB",1,2129593072.39067,1786378498.44222,-343214573.948452,-16.1164392577198,"Merchantable wood volume"
31,"Nebraska",23,"VSAWIB",1,743091523.078077,685779062.001195,-57312461.0768824,-7.71270554123392,"Sawlog wood volume"
31,"Nebraska",23,"WMERBCH",1,14713689720.8774,33194910698.6704,18481220977.793,125.605618498057,"Top and limb weight"
31,"Nebraska",23,"WMEROB",1,69768104490.9627,52649067161.4338,-17119037329.5289,-24.5370537933224,"Merch bole wood and bark weight"
31,"Nebraska",23,"WSTPOB",1,3768591355.3606,4313044309.18338,544452953.822778,14.4471210190599,"Stump wood and bark weight"
31,"Nebraska",23,"BIOMASS",2,2307895039.7715,2691973940.27365,384078900.50215,16.6419570163891,"Total aboveground biomass"
31,"Nebraska",23,"CARBON",2,1153947523.03221,1344243727.71199,190296204.679785,16.4908889599891,"Total aboveground carbon"
31,"Nebraska",23,"VMERIB",2,77989387.5756283,65411686.1105595,-12577701.4650688,-16.1274525368876,"Merchantable wood volume"
31,"Nebraska",23,"WMERBCH",2,185558409.070818,629760419.860262,444202010.789444,239.386623874273,"Top and limb weight"
31,"Nebraska",23,"WMEROB",2,1917606377.21053,1818768424.84892,-98837952.3616095,-5.15423569384376,"Merch bole wood and bark weight"
31,"Nebraska",23,"WSTPOB",2,118520636.933327,155404300.064919,36883663.1315928,31.1200345238962,"Stump wood and bark weight"
32,"Nevada",22,"BIOMASS",1,34727191700.1188,39773102851.1671,5045911151.04829,14.5301445467329,"Total aboveground biomass"
32,"Nevada",22,"CARBON",1,17363595943.6861,19689347372.9538,2325751429.26766,13.3944111393203,"Total aboveground carbon"
32,"Nevada",22,"VMERIB",1,944279664.710168,842297521.318421,-101982143.391747,-10.7999936039128,"Merchantable wood volume"
32,"Nevada",22,"WMERBCH",1,4710599033.22846,13562072462.3517,8851473429.12329,187.905473734555,"Top and limb weight"
32,"Nevada",22,"WMEROB",1,25988590515.3619,22688263985.8702,-3300326529.49167,-12.6991362903688,"Merch bole wood and bark weight"
32,"Nevada",22,"WSTPOB",1,1220654387.14587,1448675095.53923,228020708.393357,18.6802022582751,"Stump wood and bark weight"
32,"Nevada",22,"BIOMASS",2,5912567689.78477,8458242068.8581,2545674379.07333,43.0553105289861,"Total aboveground biomass"
32,"Nevada",22,"CARBON",2,2956283851.62975,4202634982.04526,1246351130.4155,42.1593863433786,"Total aboveground carbon"
32,"Nevada",22,"VMERIB",2,197072827.948308,178709354.153329,-18363473.7949792,-9.31811553432211,"Merchantable wood volume"
32,"Nevada",22,"WMERBCH",2,634078134.280757,2641528020.95116,2007449886.67041,316.593457200268,"Top and limb weight"
32,"Nevada",22,"WMEROB",2,4840585503.32489,5372172987.61167,531587484.286779,10.9818839874152,"Merch bole wood and bark weight"
32,"Nevada",22,"WSTPOB",2,273832966.397313,356209287.03742,82376320.6401068,30.0826893576372,"Stump wood and bark weight"
32,"Nevada",22,"VSAWIB",1,681755172.044494,594896702.945536,-86858469.0989586,-12.7404195319093,"Sawlog wood volume"
33,"New Hampshire",24,"BIOMASS",1,551873369401.538,601618506277.163,49745136875.6254,9.01386796930788,"Total aboveground biomass"
33,"New Hampshire",24,"CARBON",1,275936685206.82,293432244114.216,17495558907.3961,6.34042512117693,"Total aboveground carbon"
33,"New Hampshire",24,"VMERIB",1,12458233523.5716,12484657496.5576,26423972.9860172,0.21210047906087,"Merchantable wood volume"
33,"New Hampshire",24,"WMERBCH",1,97487364410.7654,153693769396.662,56206404985.8967,57.6550667110762,"Top and limb weight"
33,"New Hampshire",24,"WMEROB",1,414227882208.704,406476694579.065,-7751187629.63904,-1.87123753917987,"Merch bole wood and bark weight"
33,"New Hampshire",24,"WSTPOB",1,22918486488.2619,22112710407.3632,-805776080.898632,-3.51583461373562,"Stump wood and bark weight"
33,"New Hampshire",24,"BIOMASS",2,5299271185.85305,12253282323.4073,6954011137.55421,131.225802448432,"Total aboveground biomass"
33,"New Hampshire",24,"CARBON",2,2649635618.57267,6058343619.15863,3408708000.58596,128.648180024927,"Total aboveground carbon"
33,"New Hampshire",24,"VMERIB",2,126170745.348901,292753263.920885,166582518.571984,132.029432109109,"Merchantable wood volume"
33,"New Hampshire",24,"WMERBCH",2,427281371.539519,1204525866.28268,777244494.743156,181.904605843849,"Top and limb weight"
33,"New Hampshire",24,"WMEROB",2,3240741990.93274,9052733337.80411,5811991346.87137,179.341378089731,"Merch bole wood and bark weight"
33,"New Hampshire",24,"WSTPOB",2,268709860.003198,718654039.362438,449944179.35924,167.446099430027,"Stump wood and bark weight"
33,"New Hampshire",24,"VSAWIB",1,6901211198.12133,7104674274.44883,203463076.327507,2.94822271752666,"Sawlog wood volume"
34,"New Jersey",24,"BIOMASS",1,231967182787.065,263527926311.462,31560743524.3973,13.6056933335129,"Total aboveground biomass"
34,"New Jersey",24,"CARBON",1,115983591546.31,125339686664.457,9356095118.14713,8.06674029783893,"Total aboveground carbon"
34,"New Jersey",24,"VMERIB",1,4880952894.3606,4851234723.37808,-29718170.982522,-0.608860024378807,"Merchantable wood volume"
34,"New Jersey",24,"WMERBCH",1,39588091114.1713,71369295768.372,31781204654.2008,80.2797097807631,"Top and limb weight"
34,"New Jersey",24,"WMEROB",1,176152763185.972,175544660267.571,-608102918.401031,-0.345213386042108,"Merch bole wood and bark weight"
34,"New Jersey",24,"WSTPOB",1,9965284855.9453,9824278224.2357,-141006631.709597,-1.4149784351169,"Stump wood and bark weight"
34,"New Jersey",24,"VSAWIB",1,2982059371.57732,3065002545.67942,82943174.1021023,2.78140585974419,"Sawlog wood volume"
34,"New Jersey",24,"BIOMASS",2,3784224296.86591,8438848266.36463,4654623969.49873,123.000742142946,"Total aboveground biomass"
34,"New Jersey",24,"CARBON",2,1892112158.31963,4036889886.62016,2144777728.30053,113.353625411154,"Total aboveground carbon"
34,"New Jersey",24,"VMERIB",2,86224734.5420629,173980058.962143,87755324.4200805,101.77511695008,"Merchantable wood volume"
34,"New Jersey",24,"WMERBCH",2,298037725.504655,1225208173.50695,927170448.002295,311.091639970193,"Top and limb weight"
34,"New Jersey",24,"WMEROB",2,2638089311.26146,6195663889.61648,3557574578.35502,134.854212977872,"Merch bole wood and bark weight"
34,"New Jersey",24,"WSTPOB",2,203174413.275862,439782003.693932,236607590.41807,116.455407254857,"Stump wood and bark weight"
35,"New Mexico",22,"BIOMASS",1,368086418464.118,451256242614.566,83169824150.4485,22.5951896018017,"Total aboveground biomass"
35,"New Mexico",22,"CARBON",1,184043209633.903,228028908353.857,43985698719.9544,23.8996585679256,"Total aboveground carbon"
35,"New Mexico",22,"VMERIB",1,10051621474.1618,10170975953.6216,119354479.459801,1.18741518238234,"Merchantable wood volume"
35,"New Mexico",22,"WMERBCH",1,52280115610.3119,120102955291.755,67822839681.4432,129.729704859462,"Top and limb weight"
35,"New Mexico",22,"WMEROB",1,290911828891.497,301380703075.295,10468874183.7972,3.59864163093272,"Merch bole wood and bark weight"
35,"New Mexico",22,"WSTPOB",1,14059538654.9834,15523318126.6807,1463779471.69728,10.4112909222554,"Stump wood and bark weight"
35,"New Mexico",22,"VSAWIB",1,8229975164.17298,7961889036.38524,-268086127.78774,-3.25743544105433,"Sawlog wood volume"
35,"New Mexico",22,"BIOMASS",2,50747857267.8776,76725971007.8223,25978113739.9448,51.1905627912854,"Total aboveground biomass"
35,"New Mexico",22,"CARBON",2,25373928688.969,38404324261.1351,13030395572.1661,51.353480700176,"Total aboveground carbon"
35,"New Mexico",22,"VMERIB",2,1639085999.16962,1802490414.42925,163404415.259636,9.9692398899398,"Merchantable wood volume"
35,"New Mexico",22,"WMERBCH",2,5110989783.45105,17629142526.901,12518152743.4499,244.926193826148,"Top and limb weight"
35,"New Mexico",22,"WMEROB",2,42566551672.5737,55039663755.4512,12473112082.8774,29.3026134200908,"Merch bole wood and bark weight"
35,"New Mexico",22,"WSTPOB",2,2455883766.8639,3344739782.17452,888856015.31062,36.1929187082688,"Stump wood and bark weight"
36,"New York",24,"BIOMASS",1,2241935404023.69,2410003381963.77,168067977940.084,7.49655755640621,"Total aboveground biomass"
36,"New York",24,"CARBON",1,1120967703507.9,1164942494334.48,43974790826.5818,3.92293111469397,"Total aboveground carbon"
36,"New York",24,"VMERIB",1,48543854381.3875,47624725235.3462,-919129146.041306,-1.89339960280063,"Merchantable wood volume"
36,"New York",24,"WMERBCH",1,402252547368.662,636827269983.633,234574722614.971,58.3152857948179,"Top and limb weight"
36,"New York",24,"WMEROB",1,1691771028154.86,1625538323113.36,-66232705041.5027,-3.9149922737322,"Merch bole wood and bark weight"
36,"New York",24,"WSTPOB",1,95458948009.1983,83916183119.4563,-11542764889.742,-12.0918626597789,"Stump wood and bark weight"
36,"New York",24,"VSAWIB",1,27293346368.8609,27173639186.6373,-119707182.223614,-0.438594742490749,"Sawlog wood volume"
36,"New York",24,"BIOMASS",2,24842487127.0639,46316479194.0278,21473992066.9639,86.4405884850787,"Total aboveground biomass"
36,"New York",24,"CARBON",2,12421243671.0082,22445445101.4739,10024201430.4657,80.7020753796388,"Total aboveground carbon"
36,"New York",24,"VMERIB",2,534578435.881458,1015622042.34278,481043606.461322,89.9855987771254,"Merchantable wood volume"
36,"New York",24,"WMERBCH",2,2359634929.98351,4581938196.72896,2222303266.74545,94.1799614214466,"Top and limb weight"
36,"New York",24,"WMEROB",2,15581264661.5912,33484100403.3871,17902835741.7959,114.899760260972,"Merch bole wood and bark weight"
36,"New York",24,"WSTPOB",2,1286378383.10348,2586171618.33803,1299793235.23454,101.042838740705,"Stump wood and bark weight"
37,"North Carolina",33,"BIOMASS",1,2125270046772.32,2408973840611.41,283703793839.095,13.349070357904,"Total aboveground biomass"
37,"North Carolina",33,"CARBON",1,1062635027126.23,1143671519461.75,81036492335.5276,7.62599483989169,"Total aboveground carbon"
37,"North Carolina",33,"VMERIB",1,43590872035.6737,44716117099.4849,1125245063.81128,2.58137773176551,"Merchantable wood volume"
37,"North Carolina",33,"VSAWIB",1,27202397291.0535,27729857040.8975,527459749.844059,1.93901935995006,"Sawlog wood volume"
37,"North Carolina",33,"WMERBCH",1,338001715484.972,529269644993.523,191267929508.55,56.5878576190404,"Top and limb weight"
37,"North Carolina",33,"WMEROB",1,1526235964966.45,1587791101819.6,61555136853.1484,4.03313368745714,"Merch bole wood and bark weight"
37,"North Carolina",33,"WSTPOB",1,89336673190.6533,87846721579.2076,-1489951611.44563,-1.66779392855376,"Stump wood and bark weight"
37,"North Carolina",33,"BIOMASS",2,42728140184.5256,85221740664.0545,42493600479.5289,99.4510884302854,"Total aboveground biomass"
37,"North Carolina",33,"CARBON",2,21364070161.8279,40468592374.2655,19104522212.4377,89.423607335706,"Total aboveground carbon"
37,"North Carolina",33,"VMERIB",2,1301936759.7115,1351651749.34413,49714989.632621,3.81854105138235,"Merchantable wood volume"
37,"North Carolina",33,"WMERBCH",2,3547816308.68171,12072616846.975,8524800538.29325,240.283030365258,"Top and limb weight"
37,"North Carolina",33,"WMEROB",2,34628300178.4236,64599420773.4901,29971120595.0664,86.5509437097376,"Merch bole wood and bark weight"
37,"North Carolina",33,"WSTPOB",2,3031507342.27187,5025924246.24797,1994416903.9761,65.7896115297366,"Stump wood and bark weight"
38,"North Dakota",23,"BIOMASS",1,35508326982.7884,35330643057.5292,-177683925.25914,-0.500400723878844,"Total aboveground biomass"
38,"North Dakota",23,"CARBON",1,17754163533.9555,16857907338.8803,-896256195.07527,-5.0481465565029,"Total aboveground carbon"
38,"North Dakota",23,"VMERIB",1,766889204.962968,666222229.956377,-100666975.006591,-13.1266647587577,"Merchantable wood volume"
38,"North Dakota",23,"WMERBCH",1,6839295883.72419,11124194665.7098,4284898781.98557,62.6511684072998,"Top and limb weight"
38,"North Dakota",23,"WMEROB",1,25653531269.473,20875355235.8494,-4778176033.62361,-18.62580236394,"Merch bole wood and bark weight"
38,"North Dakota",23,"WSTPOB",1,1498489450.19999,1859898306.35993,361408856.159941,24.1182115837857,"Stump wood and bark weight"
38,"North Dakota",23,"VSAWIB",1,251921796.757648,226027446.334035,-25894350.4236126,-10.2787256826861,"Sawlog wood volume"
38,"North Dakota",23,"BIOMASS",2,932396689.830499,1157731122.50938,225334432.67888,24.1672278694858,"Total aboveground biomass"
38,"North Dakota",23,"CARBON",2,466198350.154325,559708848.075017,93510497.920692,20.0580928460466,"Total aboveground carbon"
38,"North Dakota",23,"VMERIB",2,25975227.3868964,21310499.8100818,-4664727.57681459,-17.9583705171636,"Merchantable wood volume"
38,"North Dakota",23,"WMERBCH",2,77609572.0598451,273478667.231975,195869095.17213,252.377496710192,"Top and limb weight"
38,"North Dakota",23,"WMEROB",2,568113164.837067,670586471.176294,102473306.339227,18.037481382537,"Merch bole wood and bark weight"
38,"North Dakota",23,"WSTPOB",2,48883638.3666003,70967766.6606959,22084128.2940956,45.1769324706907,"Stump wood and bark weight"
39,"Ohio",24,"BIOMASS",1,934223110560.911,1060276412829.68,126053302268.764,13.4928477837677,"Total aboveground biomass"
39,"Ohio",24,"CARBON",1,467111555787.731,506176313155.875,39064757368.144,8.36304666072019,"Total aboveground carbon"
39,"Ohio",24,"VMERIB",1,19317165652.6784,20362681623.1371,1045515970.45862,5.41236736929701,"Merchantable wood volume"
39,"Ohio",24,"VSAWIB",1,11095545438.5581,12133069769.4557,1037524330.89759,9.35081863837077,"Sawlog wood volume"
39,"Ohio",24,"WMERBCH",1,167143459976.557,282500476222.736,115357016246.178,69.0167693443451,"Top and limb weight"
39,"Ohio",24,"WMEROB",1,709740934461.586,722304537425.405,12563602963.8188,1.77016744473808,"Merch bole wood and bark weight"
39,"Ohio",24,"WSTPOB",1,39321499723.509,34736980565.3351,-4584519158.17397,-11.6590648637774,"Stump wood and bark weight"
39,"Ohio",24,"BIOMASS",2,11723316752.965,23728993757.0504,12005677004.0854,102.408535545616,"Total aboveground biomass"
39,"Ohio",24,"CARBON",2,5861658417.66428,11290262467.5144,5428604049.85012,92.6120845508647,"Total aboveground carbon"
39,"Ohio",24,"VMERIB",2,291973519.980293,490926988.893418,198953468.913126,68.1409289878598,"Merchantable wood volume"
39,"Ohio",24,"WMERBCH",2,1164612771.05663,3179239322.40608,2014626551.34946,172.986815997358,"Top and limb weight"
39,"Ohio",24,"WMEROB",2,7740905229.13966,17225906030.9711,9485000801.83146,122.530899437011,"Merch bole wood and bark weight"
39,"Ohio",24,"WSTPOB",2,785863465.002577,1068667836.03243,282804371.029852,35.9864510343314,"Stump wood and bark weight"
40,"Oklahoma",33,"BIOMASS",1,568625406129.718,718666270058.967,150040863929.25,26.3865916492344,"Total aboveground biomass"
40,"Oklahoma",33,"CARBON",1,284312704495.235,341708039455.875,57395334960.6399,20.187397204968,"Total aboveground carbon"
40,"Oklahoma",33,"VMERIB",1,9750425925.96951,10206968854.7034,456542928.733864,4.68228703238385,"Merchantable wood volume"
40,"Oklahoma",33,"WMERBCH",1,93419203506.0199,210082179940.187,116662976434.167,124.881150829603,"Top and limb weight"
40,"Oklahoma",33,"WMEROB",1,378482095048.44,396435666597.169,17953571548.7293,4.74357222801558,"Merch bole wood and bark weight"
40,"Oklahoma",33,"WSTPOB",1,24502840133.4346,32585805250.0979,8082965116.66327,32.987870274001,"Stump wood and bark weight"
40,"Oklahoma",33,"VSAWIB",1,3494913946.29636,3599855514.67946,104941568.383104,3.00269391451864,"Sawlog wood volume"
40,"Oklahoma",33,"BIOMASS",2,23102531387.0424,53264283204.0716,30161751817.0293,130.556047351358,"Total aboveground biomass"
40,"Oklahoma",33,"CARBON",2,11551265750.2586,25194597973.7715,13643332223.5129,118.111144860531,"Total aboveground carbon"
40,"Oklahoma",33,"VMERIB",2,582040512.289439,623567407.725653,41526895.436214,7.13470876329023,"Merchantable wood volume"
40,"Oklahoma",33,"WMERBCH",2,2388894145.4291,10931066178.0157,8542172032.5866,357.578507567243,"Top and limb weight"
40,"Oklahoma",33,"WMEROB",2,17303690703.5892,36813568755.4955,19509878051.9063,112.749808038695,"Merch bole wood and bark weight"
40,"Oklahoma",33,"WSTPOB",2,1601035923.44974,3856375853.7272,2255339930.27747,140.867540649426,"Stump wood and bark weight"
41,"Oregon",26,"BIOMASS",1,4270445047082.75,4406196241667.63,135751194584.876,3.17885356416449,"Total aboveground biomass"
41,"Oregon",26,"CARBON",1,2135222526272.08,2231341505215.36,96118978943.2881,4.50159071294101,"Total aboveground carbon"
41,"Oregon",26,"VMERIB",1,110649483774.791,109641918925.99,-1007564848.80165,-0.910591549484661,"Merchantable wood volume"
41,"Oregon",26,"WMERBCH",1,586508322797.913,704616012446.135,118107689648.222,20.137427732448,"Top and limb weight"
41,"Oregon",26,"WMEROB",1,3440479507041.87,3480270030723.9,39790523682.0312,1.15654005787825,"Merch bole wood and bark weight"
41,"Oregon",26,"WSTPOB",1,151554229385.72,116603452482.257,-34950776903.4621,-23.0615648570975,"Stump wood and bark weight"
41,"Oregon",26,"VSAWIB",1,100009544088.269,96497614564.2229,-3511929524.04617,-3.51159437437943,"Sawlog wood volume"
41,"Oregon",26,"BIOMASS",2,295371550152.888,426663421993.421,131291871840.534,44.449735180174,"Total aboveground biomass"
41,"Oregon",26,"CARBON",2,147685775266.73,214624545330.097,66938770063.3669,45.3251302926575,"Total aboveground carbon"
41,"Oregon",26,"VMERIB",2,11023776656.7997,10742222144.7644,-281554512.03528,-2.55406582336382,"Merchantable wood volume"
41,"Oregon",26,"WMERBCH",2,21009001532.1229,44267881018.9889,23258879486.866,110.70911414473,"Top and limb weight"
41,"Oregon",26,"WMEROB",2,255778913512.626,360128339927.562,104349426414.936,40.7967275260888,"Merch bole wood and bark weight"
41,"Oregon",26,"WSTPOB",2,15442727571.9055,18813189340.1716,3370461768.2661,21.8255599768391,"Stump wood and bark weight"
42,"Pennsylvania",24,"BIOMASS",1,2153962586420.54,2381911043184.35,227948456763.811,10.5827491248405,"Total aboveground biomass"
42,"Pennsylvania",24,"CARBON",1,1076981294458.48,1141302488538.21,64321194079.7227,5.97235944678723,"Total aboveground carbon"
42,"Pennsylvania",24,"VMERIB",1,44377863624.2348,43764723286.9161,-613140337.318695,-1.38163554359083,"Merchantable wood volume"
42,"Pennsylvania",24,"WMERBCH",1,389114739353.821,651649517239.833,262534777886.012,67.4697592596947,"Top and limb weight"
42,"Pennsylvania",24,"WMEROB",1,1629138083895.84,1597076509610.61,-32061574285.2241,-1.96800839671943,"Merch bole wood and bark weight"
42,"Pennsylvania",24,"WSTPOB",1,91057535214.1367,80395812675.6403,-10661722538.4964,-11.7087756805888,"Stump wood and bark weight"
42,"Pennsylvania",24,"VSAWIB",1,26624884769.3365,26753841350.1116,128956580.775043,0.484346061559526,"Sawlog wood volume"
42,"Pennsylvania",24,"BIOMASS",2,22401270560.2075,41174953484.6546,18773682924.4471,83.8063308685526,"Total aboveground biomass"
42,"Pennsylvania",24,"CARBON",2,11200635363.326,19631940443.2335,8431305079.90751,75.2752393628844,"Total aboveground carbon"
42,"Pennsylvania",24,"VMERIB",2,446561726.160259,759670576.37369,313108850.213432,70.1154693452312,"Merchantable wood volume"
42,"Pennsylvania",24,"WMERBCH",2,2347242408.78304,6260085144.3075,3912842735.52446,166.699558634556,"Top and limb weight"
42,"Pennsylvania",24,"WMEROB",2,14438371411.5895,28389910593.3276,13951539181.7382,96.6282053842962,"Merch bole wood and bark weight"
42,"Pennsylvania",24,"WSTPOB",2,1194491329.34803,1954666481.9519,760175152.603868,63.6400728851488,"Stump wood and bark weight"
44,"Rhode Island",24,"BIOMASS",1,50720049781.4961,54788522353.2072,4068472571.71107,8.02142858541782,"Total aboveground biomass"
44,"Rhode Island",24,"CARBON",1,25360024916.5325,26494896596.6769,1134871680.14442,4.4750416605647,"Total aboveground carbon"
44,"Rhode Island",24,"VMERIB",1,1048166710.58638,1050491134.05648,2324423.47009981,0.22176085603782,"Merchantable wood volume"
44,"Rhode Island",24,"WMERBCH",1,9249710732.58814,14963592551.8492,5713881819.26109,61.7736271376597,"Top and limb weight"
44,"Rhode Island",24,"WMEROB",1,38767448189.4288,37135568694.5449,-1631879494.88384,-4.20940652815221,"Merch bole wood and bark weight"
44,"Rhode Island",24,"WSTPOB",1,2110085304.90443,2021872866.56186,-88212438.3425684,-4.18051526815233,"Stump wood and bark weight"
44,"Rhode Island",24,"VSAWIB",1,594323932.901396,624331720.581947,30007787.6805511,5.04906264401263,"Sawlog wood volume"
44,"Rhode Island",24,"BIOMASS",2,483542341.863068,785286387.142875,301744045.279807,62.4028175313873,"Total aboveground biomass"
44,"Rhode Island",24,"CARBON",2,241771172.278132,377453823.367662,135682651.08953,56.1202767935634,"Total aboveground carbon"
44,"Rhode Island",24,"VMERIB",2,9974294.81380063,14630998.0978628,4656703.28406221,46.6870427533294,"Merchantable wood volume"
44,"Rhode Island",24,"WMERBCH",2,69309477.4996487,179650941.36085,110341463.861201,159.201119156843,"Top and limb weight"
44,"Rhode Island",24,"WMEROB",2,362495251.743708,535610116.812874,173114865.069166,47.7564503911246,"Merch bole wood and bark weight"
44,"Rhode Island",24,"WSTPOB",2,23373934.7084863,38381200.757762,15007266.0492757,64.2051337801806,"Stump wood and bark weight"
45,"South Carolina",33,"BIOMASS",1,1275293467335.44,1398328521124.28,123035053788.846,9.64758755064529,"Total aboveground biomass"
45,"South Carolina",33,"CARBON",1,637646736035.145,663052770851.702,25406034816.5574,3.98434327046521,"Total aboveground carbon"
45,"South Carolina",33,"VMERIB",1,26205078956.8995,26575877035.4559,370798078.556446,1.41498554217796,"Merchantable wood volume"
45,"South Carolina",33,"VSAWIB",1,15719077911.2042,15724564136.7829,5486225.5786705,0.0349017010390923,"Sawlog wood volume"
45,"South Carolina",33,"WMERBCH",1,193233343556.315,277719085127.433,84485741571.1187,43.7221340873278,"Top and limb weight"
45,"South Carolina",33,"WMEROB",1,917349123568.641,935237570224.637,17888446655.9952,1.95001512471132,"Merch bole wood and bark weight"
45,"South Carolina",33,"WSTPOB",1,55671573824.5691,54645216238.4668,-1026357586.10238,-1.84359362524331,"Stump wood and bark weight"
45,"South Carolina",33,"BIOMASS",2,16529547895.121,34797069278.5005,18267521383.3794,110.514343763579,"Total aboveground biomass"
45,"South Carolina",33,"CARBON",2,8264774016.79783,16563370815.6682,8298596798.87036,100.409240252713,"Total aboveground carbon"
45,"South Carolina",33,"VMERIB",2,423114419.398446,440018215.024547,16903795.6261004,3.995088527149,"Merchantable wood volume"
45,"South Carolina",33,"WMERBCH",2,1072445135.76602,3559143792.5531,2486698656.78708,231.871876132004,"Top and limb weight"
45,"South Carolina",33,"WMEROB",2,11739225392.7868,26283439118.5625,14544213725.7757,123.894151778638,"Merch bole wood and bark weight"
45,"South Carolina",33,"WSTPOB",2,1094837263.15268,2187990420.08203,1093153156.92936,99.8461774840883,"Stump wood and bark weight"
46,"South Dakota",23,"BIOMASS",1,83168237035.0357,92252181742.1744,9083944707.13875,10.9223725679216,"Total aboveground biomass"
46,"South Dakota",23,"CARBON",1,41584118627.0131,46567876403.2957,4983757776.28261,11.9847623103046,"Total aboveground carbon"
46,"South Dakota",23,"VMERIB",1,2122655048.5454,1907178001.30981,-215477047.235592,-10.1512983649064,"Merchantable wood volume"
46,"South Dakota",23,"WMERBCH",1,12512107830.2587,26266767319.589,13754659489.3304,109.930794043085,"Top and limb weight"
46,"South Dakota",23,"WMEROB",1,64622631495.7108,58086738998.4185,-6535892497.29234,-10.1139374024503,"Merch bole wood and bark weight"
46,"South Dakota",23,"WSTPOB",1,3362613135.83966,3564434393.38369,201821257.544036,6.00191724087942,"Stump wood and bark weight"
46,"South Dakota",23,"VSAWIB",1,1272187972.46812,1261028744.40114,-11159228.0669866,-0.877168178640848,"Sawlog wood volume"
46,"South Dakota",23,"BIOMASS",2,8813322346.90759,10449449367.6233,1636127020.71575,18.5642480362679,"Total aboveground biomass"
46,"South Dakota",23,"CARBON",2,4406661180.7509,5333959508.35702,927298327.606124,21.0431047355475,"Total aboveground carbon"
46,"South Dakota",23,"VMERIB",2,299053442.387601,236036282.13549,-63017160.2521107,-21.0722069436789,"Merchantable wood volume"
46,"South Dakota",23,"WMERBCH",2,710259185.046603,2624613569.20399,1914354384.15739,269.528986665872,"Top and limb weight"
46,"South Dakota",23,"WMEROB",2,7562102316.03677,7247359607.561,-314742708.475777,-4.16210592401414,"Merch bole wood and bark weight"
46,"South Dakota",23,"WSTPOB",2,437321519.243826,494796207.045396,57474687.8015699,13.1424330320972,"Stump wood and bark weight"
47,"Tennessee",33,"BIOMASS",1,1671297376223.16,1960099185031.71,288801808808.548,17.2800970621512,"Total aboveground biomass"
47,"Tennessee",33,"CARBON",1,835648690159.409,932848669555.65,97199979396.2417,11.6316797406455,"Total aboveground carbon"
47,"Tennessee",33,"VMERIB",1,32269153116.5647,35646634141.318,3377481024.75332,10.4665933207263,"Merchantable wood volume"
47,"Tennessee",33,"WMERBCH",1,285446005328.9,461525878492.491,176079873163.591,61.6858774957128,"Top and limb weight"
47,"Tennessee",33,"WMEROB",1,1215072555021.71,1307447900429.1,92375345407.3982,7.60245509830876,"Merch bole wood and bark weight"
47,"Tennessee",33,"WSTPOB",1,69991322753.7525,66063747040.0216,-3927575713.73098,-5.6115180556727,"Stump wood and bark weight"
47,"Tennessee",33,"VSAWIB",1,18672072238.6481,20719660017.1058,2047587778.45771,10.9660446483254,"Sawlog wood volume"
47,"Tennessee",33,"BIOMASS",2,45374539797.904,75042664730.1642,29668124932.2602,65.3849605183889,"Total aboveground biomass"
47,"Tennessee",33,"CARBON",2,22687270010.3919,35703690653.361,13016420642.9691,57.3732345804801,"Total aboveground carbon"
47,"Tennessee",33,"VMERIB",2,1307820788.20723,1441529353.62983,133708565.422604,10.2237681667297,"Merchantable wood volume"
47,"Tennessee",33,"WMERBCH",2,4065307569.8267,9631215502.61127,5565907932.78457,136.912345183807,"Top and limb weight"
47,"Tennessee",33,"WMEROB",2,34276912144.7801,57133786351.7203,22856874206.9402,66.6830025715168,"Merch bole wood and bark weight"
47,"Tennessee",33,"WSTPOB",2,3002288599.47745,4020025231.23805,1017736631.7606,33.8986942140652,"Stump wood and bark weight"
48,"Texas",33,"BIOMASS",1,1372453768613.13,1628855168596.86,256401399983.732,18.6819699029153,"Total aboveground biomass"
48,"Texas",33,"CARBON",1,686226887434.467,772783453218.232,86556565783.7646,12.6134034338651,"Total aboveground carbon"
48,"Texas",33,"VMERIB",1,25071505368.7525,25174830976.1138,103325607.361309,0.412123667253293,"Merchantable wood volume"
48,"Texas",33,"VSAWIB",1,11541404563.8747,11444222431.4196,-97182132.4550438,-0.842030377820999,"Sawlog wood volume"
48,"Texas",33,"WMERBCH",1,211183950345.336,428698038933.354,217514088588.018,102.997452331169,"Top and limb weight"
48,"Texas",33,"WMEROB",1,943349787894.677,957528656892.765,14178868998.0885,1.50303410039793,"Merch bole wood and bark weight"
48,"Texas",33,"WSTPOB",1,61135525757.0083,73626670409.4243,12491144652.4161,20.4318920917829,"Stump wood and bark weight"
48,"Texas",33,"BIOMASS",2,38022165676.7439,102373415715.6,64351250038.8565,169.246672022727,"Total aboveground biomass"
48,"Texas",33,"CARBON",2,19011082922.9858,48642713603.8277,29631630680.842,155.865033048776,"Total aboveground carbon"
48,"Texas",33,"VMERIB",2,902509552.843222,931408646.391446,28899093.5482239,3.2020817350001,"Merchantable wood volume"
48,"Texas",33,"WMERBCH",2,3413411588.42883,20246048402.3341,16832636813.9053,493.132350958394,"Top and limb weight"
48,"Texas",33,"WMEROB",2,29440282074.1009,72773352616.899,43333070542.7981,147.189726082546,"Merch bole wood and bark weight"
48,"Texas",33,"WSTPOB",2,2708136127.63238,7067878362.19738,4359742234.565,160.986820052379,"Stump wood and bark weight"
49,"Utah",22,"BIOMASS",1,280427346061.591,330867393834.633,50440047773.0416,17.986850598359,"Total aboveground biomass"
49,"Utah",22,"CARBON",1,140213673638.398,163503729900.114,23290056261.7157,16.6104030066135,"Total aboveground carbon"
49,"Utah",22,"VMERIB",1,7746975883.99265,7371751522.23477,-375224361.757876,-4.84349464070479,"Merchantable wood volume"
49,"Utah",22,"WMERBCH",1,41647492545.5761,92407404757.4702,50759912211.894,121.879875856502,"Top and limb weight"
49,"Utah",22,"WMEROB",1,208173615401.28,205693790740.567,-2479824660.71231,-1.19122908824548,"Merch bole wood and bark weight"
49,"Utah",22,"WSTPOB",1,10355071570.686,11104498901.1157,749427330.429705,7.237297447091,"Stump wood and bark weight"
49,"Utah",22,"VSAWIB",1,5493541148.78959,4981216923.81028,-512324224.979319,-9.32593769853167,"Sawlog wood volume"
49,"Utah",22,"BIOMASS",2,77139008668.2711,115771529178.521,38632520510.2495,50.0816917111094,"Total aboveground biomass"
49,"Utah",22,"CARBON",2,38569504416.9265,57183684331.836,18614179914.9095,48.2613925076531,"Total aboveground carbon"
49,"Utah",22,"VMERIB",2,2792566989.40749,2693220818.28014,-99346171.1273503,-3.55752150276721,"Merchantable wood volume"
49,"Utah",22,"WMERBCH",2,7669374532.79914,33974369442.6979,26304994909.8988,342.987486103357,"Top and limb weight"
49,"Utah",22,"WMEROB",2,64581057455.9734,76500693781.3651,11919636325.3917,18.4568614930433,"Merch bole wood and bark weight"
49,"Utah",22,"WSTPOB",2,3690429774.09352,4170490103.51267,480060329.419146,13.0082499547648,"Stump wood and bark weight"
50,"Vermont",24,"BIOMASS",1,546368769379.321,581407854385.687,35039085006.3655,6.41308342828053,"Total aboveground biomass"
50,"Vermont",24,"CARBON",1,273184385088.976,282532491911.396,9348106822.4198,3.42190378830589,"Total aboveground carbon"
50,"Vermont",24,"VMERIB",1,11967591051.7205,11819034416.1771,-148556635.543425,-1.24132446455937,"Merchantable wood volume"
50,"Vermont",24,"VSAWIB",1,6476918898.45779,6487715496.25669,10796597.7989016,0.166693422724072,"Sawlog wood volume"
50,"Vermont",24,"WMERBCH",1,97851332190.6317,147663789847.48,49812457656.8485,50.9062641679778,"Top and limb weight"
50,"Vermont",24,"WMEROB",1,411716956452.959,398090019212.084,-13626937240.8757,-3.3097828562309,"Merch bole wood and bark weight"
50,"Vermont",24,"WSTPOB",1,23053700761.1151,20970611633.3253,-2083089127.78977,-9.03581229484569,"Stump wood and bark weight"
50,"Vermont",24,"BIOMASS",2,5398609799.22588,10817682350.9734,5419072551.74757,100.379037442651,"Total aboveground biomass"
50,"Vermont",24,"CARBON",2,2699304919.74957,5305681179.0356,2606376259.28603,96.5573114847596,"Total aboveground carbon"
50,"Vermont",24,"VMERIB",2,120104250.813752,248658655.611391,128554404.797639,107.035682689524,"Merchantable wood volume"
50,"Vermont",24,"WMERBCH",2,515499301.313312,1157358231.78614,641858930.472826,124.512085435925,"Top and limb weight"
50,"Vermont",24,"WMEROB",2,3436432997.27282,7805624849.6178,4369191852.34498,127.143228336254,"Merch bole wood and bark weight"
50,"Vermont",24,"WSTPOB",2,269529995.34789,628437038.601463,358907043.253573,133.160334451949,"Stump wood and bark weight"
51,"Virginia",33,"BIOMASS",2,47388217057.7078,86259181056.9324,38870963999.2246,82.0266437791673,"Total aboveground biomass"
51,"Virginia",33,"CARBON",2,23694108646.97,40949452439.9642,17255343792.9942,72.8254607509822,"Total aboveground carbon"
51,"Virginia",33,"VMERIB",2,1192186760.12163,1246199016.6173,54012256.4956753,4.5305197392198,"Merchantable wood volume"
51,"Virginia",33,"WMERBCH",2,4599601738.17505,13735113571.1007,9135511832.92562,198.615279168719,"Top and limb weight"
51,"Virginia",33,"WMEROB",2,35376904529.301,62894334105.5572,27517429576.2562,77.7835990524972,"Merch bole wood and bark weight"
51,"Virginia",33,"WSTPOB",2,3086163354.26981,4756073808.39647,1669910454.12666,54.1095937717065,"Stump wood and bark weight"
51,"Virginia",33,"BIOMASS",1,2018782306226.97,2371174943481.06,352392637254.088,17.455702686076,"Total aboveground biomass"
51,"Virginia",33,"CARBON",1,1009391155963.51,1127403648494.36,118012492530.858,11.6914529945737,"Total aboveground carbon"
51,"Virginia",33,"VMERIB",1,40452212953.752,42071947465.4796,1619734511.72761,4.00406898277583,"Merchantable wood volume"
51,"Virginia",33,"VSAWIB",1,25064836038.5656,26015675607.8871,950839569.321457,3.79352000491231,"Sawlog wood volume"
51,"Virginia",33,"WMERBCH",1,333876448129.933,573485056185.109,239608608055.176,71.7656514549743,"Top and limb weight"
51,"Virginia",33,"WMEROB",1,1466300966017.55,1552690683395.32,86389717377.7649,5.89167704174662,"Merch bole wood and bark weight"
51,"Virginia",33,"WSTPOB",1,83327640197.8814,81781663661.9538,-1545976535.92754,-1.85529859270735,"Stump wood and bark weight"
53,"Washington",26,"BIOMASS",2,321868907266.302,434176105909.016,112307198642.714,34.8922173305158,"Total aboveground biomass"
53,"Washington",26,"CARBON",2,160934453856.43,217235979990.438,56301526134.0075,34.984134711287,"Total aboveground carbon"
53,"Washington",26,"VMERIB",2,12121903762.1869,11746330911.1269,-375572851.059973,-3.098299231112,"Merchantable wood volume"
53,"Washington",26,"WMERBCH",2,22511530780.3557,48081477762.3485,25569946981.9928,113.585998355589,"Top and limb weight"
53,"Washington",26,"WMEROB",2,278856663742.981,361543388728.833,82686724985.8519,29.6520527341829,"Merch bole wood and bark weight"
53,"Washington",26,"WSTPOB",2,16664667484.0923,20031302977.0014,3366635492.9091,20.2022362349732,"Stump wood and bark weight"
53,"Washington",26,"BIOMASS",1,3578885705230.63,3552972832746.95,-25912872483.6792,-0.724048617864685,"Total aboveground biomass"
53,"Washington",26,"CARBON",1,1789442855059.87,1790490400979.92,1047545920.05469,0.0585403393627588,"Total aboveground carbon"
53,"Washington",26,"VMERIB",1,95820254909.9002,94213681494.1119,-1606573415.78827,-1.67665324758208,"Merchantable wood volume"
53,"Washington",26,"WMERBCH",1,485364598266.751,558291720553.639,72927122286.8877,15.0252248613336,"Top and limb weight"
53,"Washington",26,"WMEROB",1,2883882281647.43,2802030421318.49,-81851860328.9385,-2.83825247825928,"Merch bole wood and bark weight"
53,"Washington",26,"WSTPOB",1,131978764337.563,97272284782.6084,-34706479554.9545,-26.2970181067808,"Stump wood and bark weight"
53,"Washington",26,"VSAWIB",1,86073930316.8477,81438913947.1621,-4635016369.68562,-5.3849247415839,"Sawlog wood volume"
54,"West Virginia",24,"BIOMASS",1,1630179809452.63,1815246568564.82,185066759112.189,11.3525365753566,"Total aboveground biomass"
54,"West Virginia",24,"CARBON",1,815089905546.816,866082151626.834,50992246080.0179,6.25602718583651,"Total aboveground carbon"
54,"West Virginia",24,"VMERIB",1,33117925884.347,32582560795.4251,-535365088.921921,-1.61654172061227,"Merchantable wood volume"
54,"West Virginia",24,"VSAWIB",1,20533919542.8531,20644777682.2101,110858139.357086,0.539878122760401,"Sawlog wood volume"
54,"West Virginia",24,"WMERBCH",1,293192023601.564,498669771738.868,205477748137.305,70.0829939413839,"Top and limb weight"
54,"West Virginia",24,"WMEROB",1,1240389728237.91,1222783968773.64,-17605759464.2793,-1.41937320694278,"Merch bole wood and bark weight"
54,"West Virginia",24,"WSTPOB",1,67537942415.0673,61644908931.9218,-5893033483.1455,-8.72551527692203,"Stump wood and bark weight"
54,"West Virginia",24,"BIOMASS",2,11952981268.0414,25288761977.3914,13335780709.35,111.568657310672,"Total aboveground biomass"
54,"West Virginia",24,"CARBON",2,5976490680.47992,11958189124.2595,5981698443.77961,100.0871374788,"Total aboveground carbon"
54,"West Virginia",24,"VMERIB",2,269584123.919321,497984204.467707,228400080.548386,84.7231199032847,"Merchantable wood volume"
54,"West Virginia",24,"WMERBCH",2,1040481687.15799,3087617396.12281,2047135708.96482,196.748845677087,"Top and limb weight"
54,"West Virginia",24,"WMEROB",2,7770482164.18205,18684972750.6859,10914490586.5039,140.460918072936,"Merch bole wood and bark weight"
54,"West Virginia",24,"WSTPOB",2,718910687.926387,1315415670.50359,596504982.577199,82.9734475498963,"Stump wood and bark weight"
55,"Wisconsin",23,"BIOMASS",1,1236862626626,1541898624136.8,305035997510.801,24.6620757183762,"Total aboveground biomass"
55,"Wisconsin",23,"CARBON",1,618431314656.309,750595762440.389,132164447784.08,21.3709177805023,"Total aboveground carbon"
55,"Wisconsin",23,"VMERIB",1,27355144370.6729,31082901286.2296,3727756915.55669,13.627260982593,"Merchantable wood volume"
55,"Wisconsin",23,"WMERBCH",1,227763211175.583,403824498142.939,176061286967.356,77.3001425729066,"Top and limb weight"
55,"Wisconsin",23,"WMEROB",1,912275226694.319,1024305421185.94,112030194491.623,12.2803065580955,"Merch bole wood and bark weight"
55,"Wisconsin",23,"WSTPOB",1,52472285983.329,55131153777.6545,2658867794.32552,5.0671849806015,"Stump wood and bark weight"
55,"Wisconsin",23,"VSAWIB",1,13153495585.6639,15575201606.5891,2421706020.92526,18.4111212502683,"Sawlog wood volume"
55,"Wisconsin",23,"BIOMASS",2,16310658222.1797,25506539730.6523,9195881508.47262,56.3795855642895,"Total aboveground biomass"
55,"Wisconsin",23,"CARBON",2,8155329200.14676,12380597845.5821,4225268645.43531,51.809909100411,"Total aboveground carbon"
55,"Wisconsin",23,"VMERIB",2,475836897.111996,517837319.031695,42000421.9196995,8.82664252701153,"Merchantable wood volume"
55,"Wisconsin",23,"WMERBCH",2,1204171471.44323,3072465287.0012,1868293815.55796,155.151808514344,"Top and limb weight"
55,"Wisconsin",23,"WMEROB",2,10347328686.5349,17053639065.3162,6706310378.78132,64.8119972018317,"Merch bole wood and bark weight"
55,"Wisconsin",23,"WSTPOB",2,908212709.490626,1343200678.57594,434987969.085313,47.8949440521788,"Stump wood and bark weight"
56,"Wyoming",22,"BIOMASS",1,497048007972.242,559383518183.491,62335510211.2491,12.5411447609564,"Total aboveground biomass"
56,"Wyoming",22,"CARBON",1,248524005202.688,276663272123.21,28139266920.5224,11.3225548966881,"Total aboveground carbon"
56,"Wyoming",22,"VMERIB",1,14235180499.0316,12830488419.0392,-1404692079.99239,-9.86775039549342,"Merchantable wood volume"
56,"Wyoming",22,"WMERBCH",1,67021718228.1958,156786176652.575,89764458424.3792,133.933388754297,"Top and limb weight"
56,"Wyoming",22,"WMEROB",1,372552440784.946,340237021184.477,-32315419600.4698,-8.6740592901185,"Merch bole wood and bark weight"
56,"Wyoming",22,"WSTPOB",1,19376203350.1369,18429173045.637,-947030304.499886,-4.88759478514245,"Stump wood and bark weight"
56,"Wyoming",22,"BIOMASS",2,237401884485.842,315284904774.301,77883020288.459,32.8064035621014,"Total aboveground biomass"
56,"Wyoming",22,"CARBON",2,118700942420.648,155357274775.781,36656332355.1331,30.8812479560875,"Total aboveground carbon"
56,"Wyoming",22,"VMERIB",2,8262535573.6297,7499112676.00709,-763422897.622609,-9.23957168861229,"Merchantable wood volume"
56,"Wyoming",22,"WMERBCH",2,21627586546.6921,90015725077.1446,68388138530.4525,316.207905966801,"Top and limb weight"
56,"Wyoming",22,"WMEROB",2,202549800366.028,211682200397.322,9132400031.29416,4.50871835706132,"Merch bole wood and bark weight"
56,"Wyoming",22,"WSTPOB",2,11253342774.977,11332560661.5565,79217886.579504,0.703949823297425,"Stump wood and bark weight"
56,"Wyoming",22,"VSAWIB",1,9809213677.00195,8691093574.67236,-1118120102.32959,-11.3986720969395,"Sawlog wood volume"
72,"Puerto Rico",99,"BIOMASS",1,82439638681.3696,82493860252.9068,54221571.5372162,0.0657712386959668,"Total aboveground biomass"
72,"Puerto Rico",99,"CARBON",1,41219819574.2887,39128746774.614,-2091072799.67469,-5.07297902142934,"Total aboveground carbon"
72,"Puerto Rico",99,"VMERIB",1,1407088632.73279,1240559144.69689,-166529488.035903,-11.8350389706778,"Merchantable wood volume"
72,"Puerto Rico",99,"WMERBCH",1,13132434460.0336,21191122742.7401,8058688282.7065,61.3647706160789,"Top and limb weight"
72,"Puerto Rico",99,"WMEROB",1,52690346461.0338,44638468794.7523,-8051877666.28144,-15.281504501467,"Merch bole wood and bark weight"
72,"Puerto Rico",99,"WSTPOB",1,3693132289.53016,3625027289.80028,-68104999.7298827,-1.84409856974138,"Stump wood and bark weight"
78,"Virgin Islands",99,"BIOMASS",1,1970800528.73213,1885302817.93885,-85497710.7932858,-4.33822244041555,"Total aboveground biomass"
78,"Virgin Islands",99,"CARBON",1,985400280.959593,888829275.94217,-96571005.0174233,-9.80018038186283,"Total aboveground carbon"
78,"Virgin Islands",99,"VMERIB",1,20144496.545549,14122388.0040007,-6022108.54154831,-29.894559677536,"Merchantable wood volume"
78,"Virgin Islands",99,"WMERBCH",1,213911204.261231,398526455.109097,184615250.847866,86.3046194730459,"Top and limb weight"
78,"Virgin Islands",99,"WMEROB",1,754647392.393972,506144283.656031,-248503108.737942,-32.9296981931673,"Merch bole wood and bark weight"
78,"Virgin Islands",99,"WSTPOB",1,60163358.5416707,63105668.2633967,2942309.72172593,4.89053436019203,"Stump wood and bark weight"
78,"Virgin Islands",99,"VSAWIB",1,0.0124790820855018,377135.782716608,377135.770237526,3022143517.07553,"Sawlog wood volume"
