"TYPGRPCD","TYPGRPCD_MEANING","variable","STATUSCD","CRM","CRM2","DIFF","PDIFF","VAR2"
100,"White / red / jack pine group","BIOMASS",1,1033098942011.13,1231879657480.76,198780715469.627,19.241207921737,"Total aboveground biomass"
100,"White / red / jack pine group","CARBON",1,516549471861.624,616029718671.052,99480246809.4283,19.2586097224929,"Total aboveground carbon"
100,"White / red / jack pine group","VMERIB",1,28462225803.1972,31735324411.077,3273098607.87976,11.499798471531,"Merchantable wood volume"
100,"White / red / jack pine group","WMERBCH",1,157239693564.013,283430149847.81,126190456283.798,80.2535628399869,"Top and limb weight"
100,"White / red / jack pine group","WMEROB",1,813123068721.909,879374251494.397,66251182772.488,8.14774359761108,"Merch bole wood and bark weight"
100,"White / red / jack pine group","WSTPOB",1,41225359149.0362,40607176422.7366,-618182726.299675,-1.49952053556367,"Stump wood and bark weight"
100,"White / red / jack pine group","VSAWIB",1,19521459973.612,22584870373.7595,3063410400.14744,15.6925271177892,"Sawlog wood volume"
100,"White / red / jack pine group","BIOMASS",2,13561898582.1939,25231765709.5653,11669867127.3714,86.0489190111876,"Total aboveground biomass"
100,"White / red / jack pine group","CARBON",2,6780949342.62263,12455377312.7736,5674427970.15093,83.6819106505264,"Total aboveground carbon"
100,"White / red / jack pine group","VMERIB",2,386582509.169445,598171521.910964,211589012.741519,54.7332090104408,"Merchantable wood volume"
100,"White / red / jack pine group","WMERBCH",2,1011239792.13002,3210044820.70223,2198805028.57221,217.436561108891,"Top and limb weight"
100,"White / red / jack pine group","WMEROB",2,9549210507.87744,17886615320.706,8337404812.82851,87.3098860471316,"Merch bole wood and bark weight"
100,"White / red / jack pine group","WSTPOB",2,683334765.781482,1203864910.86151,520530145.080025,76.1749834994465,"Stump wood and bark weight"
120,"Spruce / fir group","BIOMASS",1,836632612884.398,1040644460134.26,204011847249.864,24.3848786322717,"Total aboveground biomass"
120,"Spruce / fir group","CARBON",1,418316308828.318,513520615234.757,95204306406.439,22.7589277293781,"Total aboveground carbon"
120,"Spruce / fir group","VMERIB",1,22484898978.9669,21768811911.2987,-716087067.668224,-3.18474665302288,"Merchantable wood volume"
120,"Spruce / fir group","WMERBCH",1,118483103791.387,275232361053.874,156749257262.487,132.296717630283,"Top and limb weight"
120,"Spruce / fir group","WMEROB",1,587450022557.474,597389291520.934,9939268963.46021,1.69193439131884,"Merch bole wood and bark weight"
120,"Spruce / fir group","WSTPOB",1,37538537141.1353,43970194557.9809,6431657416.84562,17.1334791035256,"Stump wood and bark weight"
120,"Spruce / fir group","VSAWIB",1,9755724293.03481,9320911710.06339,-434812582.971415,-4.45699950009712,"Sawlog wood volume"
120,"Spruce / fir group","BIOMASS",2,29125858831.5055,49188850555.5396,20062991724.0341,68.8837772650738,"Total aboveground biomass"
120,"Spruce / fir group","CARBON",2,14562929573.0564,24406802948.1372,9843873375.08082,67.5954197656319,"Total aboveground carbon"
120,"Spruce / fir group","VMERIB",2,763560968.581606,1025327861.24323,261766892.661624,34.2823826036948,"Merchantable wood volume"
120,"Spruce / fir group","WMERBCH",2,2073034236.38597,7971384913.72788,5898350677.34191,284.52741270809,"Top and limb weight"
120,"Spruce / fir group","WMEROB",2,18881739099.811,30782993903.0513,11901254803.2403,63.0305012707197,"Merch bole wood and bark weight"
120,"Spruce / fir group","WSTPOB",2,1438238217.60512,2605604001.56614,1167365783.96103,81.1663721399968,"Stump wood and bark weight"
140,"Longleaf / slash pine group","BIOMASS",1,951682292017.569,1025387916797.53,73705624779.9612,7.74477211546146,"Total aboveground biomass"
140,"Longleaf / slash pine group","CARBON",1,475841147578.356,511475891653.301,35634744074.9448,7.48878995780348,"Total aboveground carbon"
140,"Longleaf / slash pine group","VMERIB",1,18912572731.9694,18496090055.8053,-416482676.164146,-2.20214712226927,"Merchantable wood volume"
140,"Longleaf / slash pine group","WMERBCH",1,121463767160.02,173378977983.902,51915210823.8821,42.7413145810696,"Top and limb weight"
140,"Longleaf / slash pine group","WMEROB",1,706871848639.156,725455845980.356,18583997341.2001,2.62904759568192,"Merch bole wood and bark weight"
140,"Longleaf / slash pine group","WSTPOB",1,51989656832.1692,42356659436.4308,-9632997395.73837,-18.5286804774173,"Stump wood and bark weight"
140,"Longleaf / slash pine group","VSAWIB",1,11215807717.2813,10835802784.798,-380004932.483242,-3.38811918019717,"Sawlog wood volume"
140,"Longleaf / slash pine group","BIOMASS",2,13735753659.5595,22737672266.2978,9001918606.73827,65.5364010585129,"Total aboveground biomass"
140,"Longleaf / slash pine group","CARBON",2,6867876865.53366,11294379055.9478,4426502190.41411,64.4522649005029,"Total aboveground carbon"
140,"Longleaf / slash pine group","VMERIB",2,293733569.879861,291611021.293813,-2122548.58604771,-0.72261014868537,"Merchantable wood volume"
140,"Longleaf / slash pine group","WMERBCH",2,1134289597.25098,2818702215.25995,1684412618.00897,148.499344619862,"Top and limb weight"
140,"Longleaf / slash pine group","WMEROB",2,10599493100.1137,17390343612.767,6790850512.65331,64.0676912425223,"Merch bole wood and bark weight"
140,"Longleaf / slash pine group","WSTPOB",2,938842850.341194,1393053865.4243,454211015.083107,48.3798768790792,"Stump wood and bark weight"
160,"Loblolly / shortleaf pine group","BIOMASS",1,5548979164010.25,5875651542070.28,326672378060.032,5.88707162893627,"Total aboveground biomass"
160,"Loblolly / shortleaf pine group","CARBON",1,2774489594002.51,2793783627091.58,19294033089.0659,0.695408378203074,"Total aboveground carbon"
160,"Loblolly / shortleaf pine group","VMERIB",1,121663317729.52,122281657479.599,618339750.079025,0.508238441642458,"Merchantable wood volume"
160,"Loblolly / shortleaf pine group","WMERBCH",1,747914519759.651,993405545731.032,245491025971.381,32.8234068848232,"Top and limb weight"
160,"Loblolly / shortleaf pine group","WMEROB",1,4048690453656.15,4077852914883.29,29162461227.146,0.72029367423758,"Merch bole wood and bark weight"
160,"Loblolly / shortleaf pine group","WSTPOB",1,258632556045.945,210232017146.267,-48400538899.6776,-18.7140163789277,"Stump wood and bark weight"
160,"Loblolly / shortleaf pine group","BIOMASS",2,65975473960.9763,123375912132.854,57400438171.8778,87.0026916454279,"Total aboveground biomass"
160,"Loblolly / shortleaf pine group","CARBON",2,32987737251.0739,58742752475.1503,25755015224.0764,78.0745130472325,"Total aboveground carbon"
160,"Loblolly / shortleaf pine group","VMERIB",2,1599883710.61432,1631750085.38334,31866374.7690191,1.99179318831762,"Merchantable wood volume"
160,"Loblolly / shortleaf pine group","WMERBCH",2,4940858926.38136,15700736315.4326,10759877389.0513,217.773418536597,"Top and limb weight"
160,"Loblolly / shortleaf pine group","WMEROB",2,47647312315.0533,89737676492.1107,42090364177.0574,88.3373313876506,"Merch bole wood and bark weight"
160,"Loblolly / shortleaf pine group","WSTPOB",2,4254462652.48453,6438261049.41192,2183798396.92739,51.3295937773033,"Stump wood and bark weight"
160,"Loblolly / shortleaf pine group","VSAWIB",1,75520066842.0411,75764826088.6089,244759246.567795,0.324098291755669,"Sawlog wood volume"
170,"Other eastern softwoods group","BIOMASS",1,99675428102.6561,129208473260.321,29533045157.6647,29.629213257302,"Total aboveground biomass"
170,"Other eastern softwoods group","CARBON",1,49837714318.7139,65498602975.4752,15660888656.7613,31.4237698715664,"Total aboveground carbon"
170,"Other eastern softwoods group","VMERIB",1,2117068109.61102,2123767245.84197,6699136.23095822,0.316434610702681,"Merchantable wood volume"
170,"Other eastern softwoods group","WMERBCH",1,13313464187.743,33464244547.711,20150780359.9679,151.356401878631,"Top and limb weight"
170,"Other eastern softwoods group","WMEROB",1,69032749884.4984,72526789002.6802,3494039118.18179,5.06142247560443,"Merch bole wood and bark weight"
170,"Other eastern softwoods group","WSTPOB",1,5628496621.32028,7199765820.67034,1571269199.35006,27.9163212677116,"Stump wood and bark weight"
170,"Other eastern softwoods group","VSAWIB",1,449823059.234197,449053166.733944,-769892.500252664,-0.171154520527109,"Sawlog wood volume"
170,"Other eastern softwoods group","BIOMASS",2,4240438358.10343,8365880059.4257,4125441701.32227,97.2880950724962,"Total aboveground biomass"
170,"Other eastern softwoods group","CARBON",2,2120219192.80619,4100152257.93922,1979933065.13303,93.3834139343165,"Total aboveground carbon"
170,"Other eastern softwoods group","VMERIB",2,106374024.656025,113335436.384127,6961411.72810164,6.54427784472035,"Merchantable wood volume"
170,"Other eastern softwoods group","WMERBCH",2,381854400.091133,1599782861.49829,1217928461.40715,318.951008844335,"Top and limb weight"
170,"Other eastern softwoods group","WMEROB",2,3063566094.53472,5579044175.85319,2515478081.31847,82.1094764629361,"Merch bole wood and bark weight"
170,"Other eastern softwoods group","WSTPOB",2,300765402.61886,570447013.520495,269681610.901635,89.6651039492678,"Stump wood and bark weight"
180,"Pinyon / juniper group","BIOMASS",1,99471390963.3271,126169318501.386,26697927538.0585,26.8398051736318,"Total aboveground biomass"
180,"Pinyon / juniper group","CARBON",1,49735695690.263,63451943411.6328,13716247721.3698,27.5782765898961,"Total aboveground carbon"
180,"Pinyon / juniper group","VMERIB",1,2234903295.17528,2184118968.76845,-50784326.4068317,-2.27232768936648,"Merchantable wood volume"
180,"Pinyon / juniper group","VSAWIB",1,1558099774.60645,1512097471.32379,-46002303.2826669,-2.95246196889325,"Sawlog wood volume"
180,"Pinyon / juniper group","WMERBCH",1,14515810730.0354,42398627612.6001,27882816882.5647,192.085839372864,"Top and limb weight"
180,"Pinyon / juniper group","WMEROB",1,72568860263.7414,69862507266.9375,-2706352996.80382,-3.72935855264635,"Merch bole wood and bark weight"
180,"Pinyon / juniper group","WSTPOB",1,4076759354.30597,5677439410.29961,1600680055.99364,39.263540397668,"Stump wood and bark weight"
180,"Pinyon / juniper group","BIOMASS",2,13038277342.174,21851572323.1642,8813294980.99026,67.595547706924,"Total aboveground biomass"
180,"Pinyon / juniper group","CARBON",2,6519138690.92025,10996625103.9083,4477486412.988,68.6821775892599,"Total aboveground carbon"
180,"Pinyon / juniper group","VMERIB",2,384060558.311675,390978541.973701,6917983.66202515,1.8012741772903,"Merchantable wood volume"
180,"Pinyon / juniper group","WMERBCH",2,1124457395.29344,6495899631.85259,5371442236.55916,477.691930262723,"Top and limb weight"
180,"Pinyon / juniper group","WMEROB",2,10725139752.4746,13850555557.3592,3125415804.88459,29.1410263830219,"Merch bole wood and bark weight"
180,"Pinyon / juniper group","WSTPOB",2,692623970.838461,1175047471.80284,482423500.964375,69.6515744871454,"Stump wood and bark weight"
200,"Douglas-fir group","BIOMASS",1,5829730809335.55,5904434181003.39,74703371667.8379,1.28142060261531,"Total aboveground biomass"
200,"Douglas-fir group","CARBON",1,2914865408107.48,3018088282206.63,103222874099.158,3.54125695862497,"Total aboveground carbon"
200,"Douglas-fir group","VMERIB",1,147866703302.709,145780814629.176,-2085888673.53284,-1.41065474981387,"Merchantable wood volume"
200,"Douglas-fir group","VSAWIB",1,130572564616.854,126445199400.399,-4127365216.45442,-3.16097430464476,"Sawlog wood volume"
200,"Douglas-fir group","WMERBCH",1,793663128093.607,957525041154.595,163861913060.988,20.6462801736282,"Top and limb weight"
200,"Douglas-fir group","WMEROB",1,4714136823007.63,4655744590927.82,-58392232079.8125,-1.23866222539035,"Merch bole wood and bark weight"
200,"Douglas-fir group","WSTPOB",1,210932115898.089,158375619157.578,-52556496740.5113,-24.9163085084225,"Stump wood and bark weight"
200,"Douglas-fir group","BIOMASS",2,425260506489.089,634704396650.096,209443890161.007,49.2507267816042,"Total aboveground biomass"
200,"Douglas-fir group","CARBON",2,212630253585.419,321911582376.938,109281328791.519,51.3950046847957,"Total aboveground carbon"
200,"Douglas-fir group","VMERIB",2,15003044996.8951,15039152156.4429,36107159.5478249,0.240665541930304,"Merchantable wood volume"
200,"Douglas-fir group","WMERBCH",2,35234493107.5234,98417858538.58,63183365431.0566,179.322475956282,"Top and limb weight"
200,"Douglas-fir group","WMEROB",2,361922560824.954,502624078685.983,140701517861.029,38.8761390117041,"Merch bole wood and bark weight"
200,"Douglas-fir group","WSTPOB",2,22863806464.6191,27621409775.5902,4757603310.9711,20.8084481397851,"Stump wood and bark weight"
220,"Ponderosa pine group","BIOMASS",2,74359699360.7344,105124453872.513,30764754511.7782,41.3728871636933,"Total aboveground biomass"
220,"Ponderosa pine group","CARBON",2,37179849746.6261,53545270684.3397,16365420937.7135,44.0169098294933,"Total aboveground carbon"
220,"Ponderosa pine group","VMERIB",2,2398520219.98711,2523434329.66646,124914109.679358,5.20796567143507,"Merchantable wood volume"
220,"Ponderosa pine group","WMERBCH",2,6781013137.81627,19538790746.762,12757777608.9457,188.139697559326,"Top and limb weight"
220,"Ponderosa pine group","WMEROB",2,63368021999.8271,80033782146.3822,16665760146.5552,26.2999532265669,"Merch bole wood and bark weight"
220,"Ponderosa pine group","WSTPOB",2,3454767998.17801,4613821106.71323,1159053108.53521,33.5493760839072,"Stump wood and bark weight"
220,"Ponderosa pine group","BIOMASS",1,1470570165193.21,1734772277438.3,264202112245.085,17.9659643924826,"Total aboveground biomass"
220,"Ponderosa pine group","CARBON",1,735285083829.783,888404118439.861,153119034610.078,20.8244445559193,"Total aboveground carbon"
220,"Ponderosa pine group","VMERIB",1,40284769812.2027,41242443538.0169,957673725.814209,2.3772600173183,"Merchantable wood volume"
220,"Ponderosa pine group","VSAWIB",1,35209620894.9239,35792373604.4103,582752709.486412,1.65509509808561,"Sawlog wood volume"
220,"Ponderosa pine group","WMERBCH",1,201341384845.438,431025495999.504,229684111154.066,114.076950116533,"Top and limb weight"
220,"Ponderosa pine group","WMEROB",1,1187268516632.14,1204595301334.11,17326784701.968,1.45938214138095,"Merch bole wood and bark weight"
220,"Ponderosa pine group","WSTPOB",1,52424080390.6029,53311015262.0279,886934871.425011,1.69184631340523,"Stump wood and bark weight"
240,"Western white pine group","BIOMASS",1,19719506658.1946,24872305043.5156,5152798385.321,26.1304629706835,"Total aboveground biomass"
240,"Western white pine group","CARBON",1,9859753344.99063,12144507631.7227,2284754286.73204,23.1725298472384,"Total aboveground carbon"
240,"Western white pine group","VMERIB",1,602079919.055292,584702823.342347,-17377095.7129446,-2.88617759253798,"Merchantable wood volume"
240,"Western white pine group","WMERBCH",1,2616212352.90926,7431000190.26078,4814787837.35152,184.036583727518,"Top and limb weight"
240,"Western white pine group","WMEROB",1,15985417437.9491,16187438209.5995,202020771.650362,1.26378164620692,"Merch bole wood and bark weight"
240,"Western white pine group","WSTPOB",1,632389294.230263,713409790.369605,81020496.1393421,12.8118070433117,"Stump wood and bark weight"
240,"Western white pine group","VSAWIB",1,556481258.587433,527275785.125839,-29205473.4615937,-5.24824026162689,"Sawlog wood volume"
240,"Western white pine group","BIOMASS",2,3431465690.73742,4618228791.69548,1186763100.95806,34.5847287403018,"Total aboveground biomass"
240,"Western white pine group","CARBON",2,1715732846.88353,2260621106.7155,544888259.83197,31.7583393487925,"Total aboveground carbon"
240,"Western white pine group","VMERIB",2,125792858.971198,116833959.077948,-8958899.89324994,-7.12194632232755,"Merchantable wood volume"
240,"Western white pine group","WMERBCH",2,247849873.514932,903445948.22904,655596074.714108,264.513378771045,"Top and limb weight"
240,"Western white pine group","WMEROB",2,3030205119.13222,3527739908.78124,497534789.649017,16.4191785733468,"Merch bole wood and bark weight"
240,"Western white pine group","WSTPOB",2,139355718.084946,173330120.267745,33974402.1827988,24.3796255006122,"Stump wood and bark weight"
260,"Fir / spruce / mountain hemlock group","BIOMASS",1,3838839337035.1,4388036557939.81,549197220904.712,14.3063351364134,"Total aboveground biomass"
260,"Fir / spruce / mountain hemlock group","CARBON",1,1919419673375.73,2151578856324.42,232159182948.682,12.0952799520064,"Total aboveground carbon"
260,"Fir / spruce / mountain hemlock group","VMERIB",1,114097525354.959,110854721856.107,-3242803498.85132,-2.84213306884871,"Merchantable wood volume"
260,"Fir / spruce / mountain hemlock group","VSAWIB",1,96947219423.3125,92924173403.0155,-4023046020.29704,-4.14972811415119,"Sawlog wood volume"
260,"Fir / spruce / mountain hemlock group","WMERBCH",1,506898153950.775,952358010151.201,445459856200.426,87.8795578023914,"Top and limb weight"
260,"Fir / spruce / mountain hemlock group","WMEROB",1,3049420870776.59,3123445695333.35,74024824556.7573,2.42750435881635,"Merch bole wood and bark weight"
260,"Fir / spruce / mountain hemlock group","WSTPOB",1,146065643492.874,135777924539.691,-10287718953.1838,-7.04321612336285,"Stump wood and bark weight"
260,"Fir / spruce / mountain hemlock group","BIOMASS",2,788894471086.595,1085221165266.05,296326694179.457,37.5622729072124,"Total aboveground biomass"
260,"Fir / spruce / mountain hemlock group","CARBON",2,394447236090.993,531647393102.423,137200157011.43,34.7828922243431,"Total aboveground carbon"
260,"Fir / spruce / mountain hemlock group","VMERIB",2,28485648338.2261,27753639552.0741,-732008786.151993,-2.56974592068413,"Merchantable wood volume"
260,"Fir / spruce / mountain hemlock group","WMERBCH",2,67330492874.1193,233286641758.147,165956148884.028,246.479925810581,"Top and limb weight"
260,"Fir / spruce / mountain hemlock group","WMEROB",2,679013726465.442,803514435656.875,124500709191.432,18.3355217043273,"Merch bole wood and bark weight"
260,"Fir / spruce / mountain hemlock group","WSTPOB",2,37917966379.6873,42758639223.1267,4840672843.43945,12.7661720962773,"Stump wood and bark weight"
280,"Lodgepole pine group","BIOMASS",1,922353053980.993,1099029288541.1,176676234560.106,19.1549465573458,"Total aboveground biomass"
280,"Lodgepole pine group","CARBON",1,461176529753.442,550652858677.5,89476328924.0587,19.4017525072005,"Total aboveground carbon"
280,"Lodgepole pine group","VMERIB",1,25260374310.1338,24134110369.8628,-1126263940.27098,-4.45861936344766,"Merchantable wood volume"
280,"Lodgepole pine group","VSAWIB",1,14943478321.169,13460960506.9344,-1482517814.23457,-9.9208349112029,"Sawlog wood volume"
280,"Lodgepole pine group","WMERBCH",1,119629859712.828,276494782011.169,156864922298.341,131.125224651183,"Top and limb weight"
280,"Lodgepole pine group","WMEROB",1,660070663706.066,669991178056.169,9920514350.10266,1.50294731997366,"Merch bole wood and bark weight"
280,"Lodgepole pine group","WSTPOB",1,36752047244.903,33656018568.7204,-3096028676.18252,-8.42409854218911,"Stump wood and bark weight"
280,"Lodgepole pine group","BIOMASS",2,292641441461.346,376467234394.722,83825792933.3765,28.6445393771917,"Total aboveground biomass"
280,"Lodgepole pine group","CARBON",2,146320721038.195,188491854921.533,42171133883.3387,28.821026566928,"Total aboveground carbon"
280,"Lodgepole pine group","VMERIB",2,9598561601.52239,9138602430.43344,-459959171.088957,-4.79195935999415,"Merchantable wood volume"
280,"Lodgepole pine group","WMERBCH",2,30350781643.5422,92864506905.5391,62513725261.9969,205.970725881777,"Top and limb weight"
280,"Lodgepole pine group","WMEROB",2,244388056576.514,265452084802.355,21064028225.8412,8.6190906875379,"Merch bole wood and bark weight"
280,"Lodgepole pine group","WSTPOB",2,14002615375.1611,13342536077.2136,-660079297.947498,-4.71397149934147,"Stump wood and bark weight"
300,"Hemlock / Sitka spruce group","BIOMASS",1,2343129596469.19,2387526443750.98,44396847281.7871,1.89476703929171,"Total aboveground biomass"
300,"Hemlock / Sitka spruce group","CARBON",1,1171564799773.94,1200631864011.43,29067064237.4912,2.48104622493778,"Total aboveground carbon"
300,"Hemlock / Sitka spruce group","VMERIB",1,67012090922.8778,68346634876.7843,1334543953.90648,1.99149725896833,"Merchantable wood volume"
300,"Hemlock / Sitka spruce group","WMERBCH",1,304313162348.864,404440980855.208,100127818506.344,32.9028878453694,"Top and limb weight"
300,"Hemlock / Sitka spruce group","WMEROB",1,1907915127660.92,1870239478801.81,-37675648859.106,-1.97470255950514,"Merch bole wood and bark weight"
300,"Hemlock / Sitka spruce group","WSTPOB",1,89164449623.204,65023148137.0748,-24141301486.1292,-27.0750300014713,"Stump wood and bark weight"
300,"Hemlock / Sitka spruce group","VSAWIB",1,64836117292.9795,61894519073.265,-2941598219.71452,-4.53697467172827,"Sawlog wood volume"
300,"Hemlock / Sitka spruce group","BIOMASS",2,213490379018.181,297809968025.206,84319589007.0251,39.4957324984862,"Total aboveground biomass"
300,"Hemlock / Sitka spruce group","CARBON",2,106745189658.925,149268014661.238,42522825002.3133,39.8358231768415,"Total aboveground carbon"
300,"Hemlock / Sitka spruce group","VMERIB",2,7594086775.30791,7833373456.77201,239286681.464094,3.15096059004925,"Merchantable wood volume"
300,"Hemlock / Sitka spruce group","WMERBCH",2,11231195079.2407,22741066128.4651,11509871049.2244,102.481267291838,"Top and limb weight"
300,"Hemlock / Sitka spruce group","WMEROB",2,187223700176.204,257311173187.353,70087473011.1494,37.435150007818,"Merch bole wood and bark weight"
300,"Hemlock / Sitka spruce group","WSTPOB",2,12886104634.8587,15546937050.523,2660832415.66422,20.6488499904486,"Stump wood and bark weight"
320,"Western larch group","BIOMASS",1,187742069566.437,202097510708.555,14355441142.1182,7.64636353230262,"Total aboveground biomass"
320,"Western larch group","CARBON",1,93871035008.1422,98268394616.837,4397359608.69482,4.6844690785751,"Total aboveground carbon"
320,"Western larch group","VMERIB",1,4820508657.99205,4849155934.491,28647276.49895,0.5942791213839,"Merchantable wood volume"
320,"Western larch group","VSAWIB",1,3843835788.41214,3771418610.92218,-72417177.4899611,-1.8839820813437,"Sawlog wood volume"
320,"Western larch group","WMERBCH",1,22627033127.3441,23809602443.0283,1182569315.68419,5.22635605396752,"Top and limb weight"
320,"Western larch group","WMEROB",1,147481339581.148,162164969582.709,14683630001.5612,9.95626297080246,"Merch bole wood and bark weight"
320,"Western larch group","WSTPOB",1,9943711648.21379,6643901813.57017,-3299809834.64362,-33.1848906261916,"Stump wood and bark weight"
320,"Western larch group","BIOMASS",2,24860550600.862,34056425906.8254,9195875305.96341,36.9898296043554,"Total aboveground biomass"
320,"Western larch group","CARBON",2,12430275320.5866,16828198678.1688,4397923357.58219,35.380739719405,"Total aboveground carbon"
320,"Western larch group","VMERIB",2,782348114.771489,832827138.037808,50479023.2663194,6.45224578588823,"Merchantable wood volume"
320,"Western larch group","WMERBCH",2,2091595977.61308,4005820975.61186,1914224997.99878,91.519825936139,"Top and limb weight"
320,"Western larch group","WMEROB",2,21121439337.3353,28377587727.923,7256148390.58776,34.3544219439697,"Merch bole wood and bark weight"
320,"Western larch group","WSTPOB",2,1443417035.22623,1400348652.58512,-43068382.6411023,-2.98377957236401,"Stump wood and bark weight"
340,"Redwood group","BIOMASS",1,312884839347.324,305595159727.216,-7289679620.10773,-2.32982832767288,"Total aboveground biomass"
340,"Redwood group","CARBON",1,156442419773.56,159353929109.452,2911509335.89194,1.86107408726236,"Total aboveground carbon"
340,"Redwood group","VMERIB",1,8960079841.45988,8752041463.99231,-208038377.467575,-2.32183620178187,"Merchantable wood volume"
340,"Redwood group","VSAWIB",1,8570910325.14933,8256717983.957,-314192341.192324,-3.66579895568852,"Sawlog wood volume"
340,"Redwood group","WMERBCH",1,39332234132.4493,31626858663.5097,-7705375468.93963,-19.5904851043858,"Top and limb weight"
340,"Redwood group","WMEROB",1,258270889454.926,262493790724.46,4222901269.53436,1.63506668461424,"Merch bole wood and bark weight"
340,"Redwood group","WSTPOB",1,12493031435.1022,7402926560.19127,-5090104874.91095,-40.7435529267065,"Stump wood and bark weight"
340,"Redwood group","BIOMASS",2,12237707756.0883,14292762432.3032,2055054676.21486,16.7928072574903,"Total aboveground biomass"
340,"Redwood group","CARBON",2,6118853886.3176,7428849734.47355,1309995848.15595,21.4091702873513,"Total aboveground carbon"
340,"Redwood group","VMERIB",2,467180849.335443,348807283.26834,-118373566.067103,-25.337846411189,"Merchantable wood volume"
340,"Redwood group","WMERBCH",2,532308737.215617,512732409.942764,-19576327.2728524,-3.67762651713207,"Top and limb weight"
340,"Redwood group","WMEROB",2,10887491243.7765,12408832386.0571,1521341142.28065,13.9732938306636,"Merch bole wood and bark weight"
340,"Redwood group","WSTPOB",2,702325357.187121,1204297986.25218,501972629.065059,71.4729468227527,"Stump wood and bark weight"
360,"Other western softwoods group","BIOMASS",1,197956052630.577,260571091288.355,62615038657.7779,31.6307775517373,"Total aboveground biomass"
360,"Other western softwoods group","CARBON",1,98978026699.7559,126353747958.49,27375721258.7336,27.6583825436087,"Total aboveground carbon"
360,"Other western softwoods group","VMERIB",1,5189179832.4236,5377694195.52447,188514363.10087,3.6328354227189,"Merchantable wood volume"
360,"Other western softwoods group","VSAWIB",1,3969927216.57256,4012689056.10831,42761839.535759,1.07714416922428,"Sawlog wood volume"
360,"Other western softwoods group","WMERBCH",1,24969118475.5617,106181403202.567,81212284727.0052,325.2509086634,"Top and limb weight"
360,"Other western softwoods group","WMEROB",1,153714693670.206,130451023655.68,-23263670014.5261,-15.1343176498391,"Merch bole wood and bark weight"
360,"Other western softwoods group","WSTPOB",1,8718063087.81381,10751211438.7227,2033148350.90889,23.3211016074298,"Stump wood and bark weight"
360,"Other western softwoods group","BIOMASS",2,55114691197.5002,76184886182.0179,21070194984.5176,38.2297251907188,"Total aboveground biomass"
360,"Other western softwoods group","CARBON",2,27557345645.6987,36922308230.2049,9364962584.50618,33.9835436435363,"Total aboveground carbon"
360,"Other western softwoods group","VMERIB",2,1795697779.5277,1701854434.78277,-93843344.7449217,-5.22600995639725,"Merchantable wood volume"
360,"Other western softwoods group","WMERBCH",2,5066564177.73944,26271768326.1476,21205204148.4081,418.532232189534,"Top and limb weight"
360,"Other western softwoods group","WMEROB",2,47057244639.7341,46454755028.1339,-602489611.600136,-1.28033338163494,"Merch bole wood and bark weight"
360,"Other western softwoods group","WSTPOB",2,2767271451.67548,3209357393.96127,442085942.285796,15.9755177620226,"Stump wood and bark weight"
370,"California mixed conifer group","BIOMASS",1,1401432527541.16,1581951907625.66,180519380084.5,12.8810610954795,"Total aboveground biomass"
370,"California mixed conifer group","CARBON",1,700716264519.14,806823977603.12,106107713083.98,15.1427501339355,"Total aboveground carbon"
370,"California mixed conifer group","VMERIB",1,38574025159.0264,38186638383.5831,-387386775.443336,-1.00426847819558,"Merchantable wood volume"
370,"California mixed conifer group","WMERBCH",1,190473972162.602,282659958693.636,92185986531.0345,48.3982065813896,"Top and limb weight"
370,"California mixed conifer group","WMEROB",1,1141581313365.32,1237815823789.65,96234510424.3293,8.42993042174411,"Merch bole wood and bark weight"
370,"California mixed conifer group","WSTPOB",1,45516148053.3565,40062554625.0681,-5453593428.28836,-11.9816673016692,"Stump wood and bark weight"
370,"California mixed conifer group","VSAWIB",1,35782550586.2945,35249574927.2559,-532975659.038589,-1.48948481957217,"Sawlog wood volume"
370,"California mixed conifer group","BIOMASS",2,120990539132.692,171744475307.498,50753936174.8062,41.9486817222491,"Total aboveground biomass"
370,"California mixed conifer group","CARBON",2,60495269626.2023,87066928219.2965,26571658593.0943,43.9235311409957,"Total aboveground carbon"
370,"California mixed conifer group","VMERIB",2,4403466669.6741,4237150319.0035,-166316350.670595,-3.77694128619132,"Merchantable wood volume"
370,"California mixed conifer group","WMERBCH",2,10955970655.8522,20492379000.2692,9536408344.41705,87.043025615655,"Top and limb weight"
370,"California mixed conifer group","WMEROB",2,103777638450.592,143922919339.242,40145280888.6502,38.6839414425135,"Merch bole wood and bark weight"
370,"California mixed conifer group","WSTPOB",2,5074687478.75125,6318987981.2106,1244300502.45934,24.5197464409283,"Stump wood and bark weight"
380,"Exotic softwoods group","BIOMASS",1,50032502748.575,64520863327.4139,14488360578.8388,28.9578969328123,"Total aboveground biomass"
380,"Exotic softwoods group","CARBON",1,25016251426.3122,31087794109.1578,6071542682.84558,24.270393590862,"Total aboveground carbon"
380,"Exotic softwoods group","VMERIB",1,1316967443.77792,1708675605.36868,391708161.590758,29.743192471568,"Merchantable wood volume"
380,"Exotic softwoods group","VSAWIB",1,802574383.173626,1109472502.60337,306898119.42974,38.2392119489499,"Sawlog wood volume"
380,"Exotic softwoods group","WMERBCH",1,7310981881.56645,12866105230.2997,5555123348.73325,75.9832733649589,"Top and limb weight"
380,"Exotic softwoods group","WMEROB",1,38648706793.794,47145065348.9616,8496358555.16763,21.9835519995508,"Merch bole wood and bark weight"
380,"Exotic softwoods group","WSTPOB",1,2400615282.79686,2506529118.60335,105913835.806484,4.41194541105677,"Stump wood and bark weight"
380,"Exotic softwoods group","BIOMASS",2,1051826293.51955,1467584975.67655,415758682.156993,39.5273140364088,"Total aboveground biomass"
380,"Exotic softwoods group","CARBON",2,525913152.200891,705577595.813849,179664443.612958,34.1623788758811,"Total aboveground carbon"
380,"Exotic softwoods group","VMERIB",2,21688571.8126894,30807960.6162189,9119388.80352955,42.0469770083895,"Merchantable wood volume"
380,"Exotic softwoods group","WMERBCH",2,94657578.4715068,219368888.335129,124711309.863622,131.749947418275,"Top and limb weight"
380,"Exotic softwoods group","WMEROB",2,619587526.476161,845806221.843108,226218695.366947,36.5111765005249,"Merch bole wood and bark weight"
380,"Exotic softwoods group","WSTPOB",2,49775449.5448446,67947362.2029678,18171912.6581233,36.5077820979829,"Stump wood and bark weight"
390,"Other softwoods group","BIOMASS",1,176271970.889374,162164800.929282,-14107169.9600923,-8.0030704194859,"Total aboveground biomass"
390,"Other softwoods group","CARBON",1,88135985.58792,74149715.7042977,-13986269.8836223,-15.8689663368776,"Total aboveground carbon"
390,"Other softwoods group","VMERIB",1,3300180.97584232,2591469.70223377,-708711.273608549,-21.4749214905604,"Merchantable wood volume"
390,"Other softwoods group","WMERBCH",1,34360965.148455,44710274.2095454,10349309.0610904,30.1193782432382,"Top and limb weight"
390,"Other softwoods group","WMEROB",1,130121162.51128,109202834.495361,-20918328.0159191,-16.0760383723945,"Merch bole wood and bark weight"
390,"Other softwoods group","WSTPOB",1,11789843.2296392,8251692.2243755,-3538151.00526368,-30.0101615971357,"Stump wood and bark weight"
390,"Other softwoods group","VSAWIB",1,1009850.0203349,647677.954851909,-362172.065482988,-35.863945951388,"Sawlog wood volume"
400,"Oak / pine group","BIOMASS",1,2453617645098.63,2815152642092.93,361534996994.297,14.7347732731097,"Total aboveground biomass"
400,"Oak / pine group","CARBON",1,1226808827141.29,1349341302615.74,122532475474.45,9.98790298566528,"Total aboveground carbon"
400,"Oak / pine group","VMERIB",1,50102366138.1305,52152041809.5165,2049675671.38606,4.09097579490593,"Merchantable wood volume"
400,"Oak / pine group","VSAWIB",1,28879785028.6516,30189949120.2833,1310164091.63174,4.53661303341396,"Sawlog wood volume"
400,"Oak / pine group","WMERBCH",1,389267750712.482,630221290837.797,240953540125.315,61.8991785690683,"Top and limb weight"
400,"Oak / pine group","WMEROB",1,1744625661354.02,1819885887396.78,75260226042.7578,4.31383234294214,"Merch bole wood and bark weight"
400,"Oak / pine group","WSTPOB",1,104080924846.409,107248402935.922,3167478089.51334,3.04328395831181,"Stump wood and bark weight"
400,"Oak / pine group","BIOMASS",2,49896427332.6627,99673828219.2995,49777400886.6368,99.7614529689023,"Total aboveground biomass"
400,"Oak / pine group","CARBON",2,24948213818.4479,47756004891.0769,22807791072.629,91.4205371118147,"Total aboveground carbon"
400,"Oak / pine group","VMERIB",2,1217569676.75062,1357530891.78317,139961215.032544,11.4951298233761,"Merchantable wood volume"
400,"Oak / pine group","WMERBCH",2,4252332315.12232,14043703944.2479,9791371629.12562,230.258853342791,"Top and limb weight"
400,"Oak / pine group","WMEROB",2,36291300162.734,72672269972.7665,36380969810.0326,100.247083038901,"Merch bole wood and bark weight"
400,"Oak / pine group","WSTPOB",2,3099913833.55091,5880728730.93751,2780814897.3866,89.706199807535,"Stump wood and bark weight"
500,"Oak / hickory group","BIOMASS",1,15792253324867.7,18819167579656.5,3026914254788.78,19.1670826988468,"Total aboveground biomass"
500,"Oak / hickory group","CARBON",1,7896126679365.13,8954702672816.39,1058575993451.26,13.4062691296181,"Total aboveground carbon"
500,"Oak / hickory group","VMERIB",1,298294219661.93,317958662797.332,19664443135.4021,6.59229775142431,"Merchantable wood volume"
500,"Oak / hickory group","WMERBCH",1,2789763842066.28,5056869432589.08,2267105590522.8,81.2651435342868,"Top and limb weight"
500,"Oak / hickory group","WMEROB",1,11557612875632.6,12149082098564.8,591469222932.25,5.11757254111938,"Merch bole wood and bark weight"
500,"Oak / hickory group","WSTPOB",1,656971808158.364,687344013611.136,30372205452.7726,4.6230606969137,"Stump wood and bark weight"
500,"Oak / hickory group","VSAWIB",1,167083206840.217,180353548325.795,13270341485.5779,7.94235503168696,"Sawlog wood volume"
500,"Oak / hickory group","BIOMASS",2,286839219728.173,561888800503.803,275049580775.63,95.8898092932638,"Total aboveground biomass"
500,"Oak / hickory group","CARBON",2,143419610579.74,266820887330.099,123401276750.359,86.0421223091725,"Total aboveground carbon"
500,"Oak / hickory group","VMERIB",2,7070983806.16723,8168455240.30828,1097471434.14105,15.5207742546921,"Merchantable wood volume"
500,"Oak / hickory group","WMERBCH",2,26928344322.2627,86179661239.7471,59251316917.4844,220.03327129362,"Top and limb weight"
500,"Oak / hickory group","WMEROB",2,210410033019.627,411362975102.724,200952942083.096,95.5053992431773,"Merch bole wood and bark weight"
500,"Oak / hickory group","WSTPOB",2,18864735544.841,32812521020.6413,13947785475.8003,73.9357593571711,"Stump wood and bark weight"
600,"Oak / gum / cypress group","BIOMASS",1,2933831236457.6,3192596840091.17,258765603633.573,8.8200575553901,"Total aboveground biomass"
600,"Oak / gum / cypress group","CARBON",1,1466915622087.96,1509308267306.01,42392645218.0518,2.88991708723583,"Total aboveground carbon"
600,"Oak / gum / cypress group","VMERIB",1,58809551473.9509,59055285399.602,245733925.651123,0.417846964467954,"Merchantable wood volume"
600,"Oak / gum / cypress group","VSAWIB",1,32810854817.279,32284302780.2135,-526552037.065514,-1.60481048115887,"Sawlog wood volume"
600,"Oak / gum / cypress group","WMERBCH",1,481887719062.397,709844458231.957,227956739169.56,47.3049488816798,"Top and limb weight"
600,"Oak / gum / cypress group","WMEROB",1,2119793889394.92,2079193191442,-40600697952.9209,-1.91531347250511,"Merch bole wood and bark weight"
600,"Oak / gum / cypress group","WSTPOB",1,125472884983.676,160504564077.285,35031679093.6099,27.9197207413918,"Stump wood and bark weight"
600,"Oak / gum / cypress group","BIOMASS",2,45652788002.8585,103010368859.296,57357580856.4377,125.638725181135,"Total aboveground biomass"
600,"Oak / gum / cypress group","CARBON",2,22826394103.6341,48783555768.4317,25957161664.7975,113.715559045153,"Total aboveground carbon"
600,"Oak / gum / cypress group","VMERIB",2,1122890001.5891,1180218820.32811,57328818.7390161,5.10547058553243,"Merchantable wood volume"
600,"Oak / gum / cypress group","WMERBCH",2,3555429128.23105,10389299473.6845,6833870345.45346,192.209437988532,"Top and limb weight"
600,"Oak / gum / cypress group","WMEROB",2,35197648769.6238,80696040762.6848,45498391993.061,129.26542988953,"Merch bole wood and bark weight"
600,"Oak / gum / cypress group","WSTPOB",2,3226990345.16686,8206541794.50571,4979551449.33885,154.309462276417,"Stump wood and bark weight"
700,"Elm / ash / cottonwood group","BIOMASS",1,2181206544286.48,2551999498513.35,370792954226.871,16.999442588238,"Total aboveground biomass"
700,"Elm / ash / cottonwood group","CARBON",1,1090603274549.94,1217282361151.41,126679086601.472,11.6155057991871,"Total aboveground carbon"
700,"Elm / ash / cottonwood group","VMERIB",1,48493109604.5564,48588579576.6995,95469972.1430893,0.196873273175534,"Merchantable wood volume"
700,"Elm / ash / cottonwood group","WMERBCH",1,381495906942.177,753684702155.116,372188795212.939,97.5603639357923,"Top and limb weight"
700,"Elm / ash / cottonwood group","WMEROB",1,1601883739734.44,1580478783128.67,-21404956605.7617,-1.33623658663957,"Merch bole wood and bark weight"
700,"Elm / ash / cottonwood group","WSTPOB",1,88780740590.8387,95118856901.7115,6338116310.87274,7.13906672628812,"Stump wood and bark weight"
700,"Elm / ash / cottonwood group","VSAWIB",1,24677006985.1686,24833488840.0405,156481854.871838,0.634120073661632,"Sawlog wood volume"
700,"Elm / ash / cottonwood group","BIOMASS",2,47259504952.3659,88296716287.8438,41037211335.4778,86.8337731782005,"Total aboveground biomass"
700,"Elm / ash / cottonwood group","CARBON",2,23629752588.5256,42036016781.6744,18406264193.1488,77.894443135586,"Total aboveground carbon"
700,"Elm / ash / cottonwood group","VMERIB",2,1373877295.35193,1492458244.3391,118580948.987165,8.63111643145605,"Merchantable wood volume"
700,"Elm / ash / cottonwood group","WMERBCH",2,4342023479.09735,13165508952.9537,8823485473.85636,203.211371756346,"Top and limb weight"
700,"Elm / ash / cottonwood group","WMEROB",2,34630402061.574,64705864337.6397,30075462276.0657,86.8469913303071,"Merch bole wood and bark weight"
700,"Elm / ash / cottonwood group","WSTPOB",2,3008926312.93665,5196757668.473,2187831355.53636,72.7113637223332,"Stump wood and bark weight"
800,"Maple / beech / birch group","BIOMASS",1,5379325957365.79,6099113019150.37,719787061784.58,13.38061808281,"Total aboveground biomass"
800,"Maple / beech / birch group","CARBON",1,2689662982837.32,2946119026291.96,256456043454.644,9.53487649163052,"Total aboveground carbon"
800,"Maple / beech / birch group","VMERIB",1,112884968615.534,116670644664.649,3785676049.11459,3.35356965195953,"Merchantable wood volume"
800,"Maple / beech / birch group","VSAWIB",1,61082563666.4413,63798929866.5488,2716366200.10753,4.44704026330823,"Sawlog wood volume"
800,"Maple / beech / birch group","WMERBCH",1,986357355368.668,1590695943673.69,604338588305.023,61.2697401216358,"Top and limb weight"
800,"Maple / beech / birch group","WMEROB",1,4005560659742.11,4115128107719.94,109567447977.834,2.73538356512841,"Merch bole wood and bark weight"
800,"Maple / beech / birch group","WSTPOB",1,227228190358.036,205088845951.987,-22139344406.0491,-9.74322084384197,"Stump wood and bark weight"
800,"Maple / beech / birch group","BIOMASS",2,66737628936.3332,124601314572.052,57863685635.7188,86.7032385746278,"Total aboveground biomass"
800,"Maple / beech / birch group","CARBON",2,33368814711.1364,60216212220.5591,26847397509.4227,80.4565512495198,"Total aboveground carbon"
800,"Maple / beech / birch group","VMERIB",2,1656719797.70938,2686289838.30355,1029570040.59417,62.1450918868527,"Merchantable wood volume"
800,"Maple / beech / birch group","WMERBCH",2,6183704997.40171,13179958430.6041,6996253433.20239,113.140155232859,"Top and limb weight"
800,"Maple / beech / birch group","WMEROB",2,44423452883.2701,92293597542.9713,47870144659.7012,107.758721019476,"Merch bole wood and bark weight"
800,"Maple / beech / birch group","WSTPOB",2,3783409185.83592,6791880020.27942,3008470834.44349,79.5174586377388,"Stump wood and bark weight"
900,"Aspen / birch group","BIOMASS",1,1231541136019.28,1519809104610.1,288267968590.818,23.4070921514314,"Total aboveground biomass"
900,"Aspen / birch group","CARBON",1,615770571220.721,740848812263.12,125078241042.399,20.3124746274315,"Total aboveground carbon"
900,"Aspen / birch group","VMERIB",1,29625110836.2115,30877848019.6279,1252737183.4164,4.22863289978023,"Merchantable wood volume"
900,"Aspen / birch group","WMERBCH",1,233131257059.915,363845580031.435,130714322971.52,56.0689821776777,"Top and limb weight"
900,"Aspen / birch group","WMEROB",1,832527910108.196,963733629642.991,131205719534.796,15.7599184293707,"Merch bole wood and bark weight"
900,"Aspen / birch group","WSTPOB",1,46994595035.2234,52576865489.8578,5582270454.63435,11.8785372029492,"Stump wood and bark weight"
900,"Aspen / birch group","VSAWIB",1,12311886547.2922,12163506011.9807,-148380535.311506,-1.20518114540407,"Sawlog wood volume"
900,"Aspen / birch group","BIOMASS",2,113824925796.416,188182289563.477,74357363767.0602,65.3260814771391,"Total aboveground biomass"
900,"Aspen / birch group","CARBON",2,56912463260.353,92319096330.4133,35406633070.0603,62.2124417776267,"Total aboveground carbon"
900,"Aspen / birch group","VMERIB",2,3890931976.84387,4028885641.7509,137953664.907031,3.54551726239461,"Merchantable wood volume"
900,"Aspen / birch group","WMERBCH",2,12025354499.7765,41605462267.9509,29580107768.1744,245.981170606856,"Top and limb weight"
900,"Aspen / birch group","WMEROB",2,86087182503.5294,128247153268.8,42159970765.2711,48.973574856562,"Merch bole wood and bark weight"
900,"Aspen / birch group","WSTPOB",2,5721795018.77566,8086798416.75526,2365003397.9796,41.3332422818191,"Stump wood and bark weight"
910,"Alder / maple group","BIOMASS",1,415675830086.032,428475486203.878,12799656117.8451,3.07923992482217,"Total aboveground biomass"
910,"Alder / maple group","CARBON",1,207837915335.634,212190535931.752,4352620596.11768,2.09423799747447,"Total aboveground carbon"
910,"Alder / maple group","VMERIB",1,11004648432.9377,10515364951.7564,-489283481.181343,-4.44615277046818,"Merchantable wood volume"
910,"Alder / maple group","VSAWIB",1,8429645132.50349,7793752635.04193,-635892497.461559,-7.54352629874833,"Sawlog wood volume"
910,"Alder / maple group","WMERBCH",1,68661614790.7991,87296546009.5268,18634931218.7277,27.1402460829174,"Top and limb weight"
910,"Alder / maple group","WMEROB",1,318487142427.453,312705355944.854,-5781786482.59882,-1.8153908627303,"Merch bole wood and bark weight"
910,"Alder / maple group","WSTPOB",1,14842488711.6021,12503526877.6875,-2338961833.9146,-15.7585555856699,"Stump wood and bark weight"
910,"Alder / maple group","BIOMASS",2,17221751711.9828,26606796084.0394,9385044372.05658,54.4952948399929,"Total aboveground biomass"
910,"Alder / maple group","CARBON",2,8610875873.19241,13355886700.6605,4745010827.46805,55.1048568966176,"Total aboveground carbon"
910,"Alder / maple group","VMERIB",2,719391265.966377,654614188.375569,-64777077.5908076,-9.00442925224993,"Merchantable wood volume"
910,"Alder / maple group","WMERBCH",2,1014247489.609,1470080535.57778,455833045.968789,44.9429799569451,"Top and limb weight"
910,"Alder / maple group","WMEROB",2,14709300694.2754,22564550597.1803,7855249902.90487,53.403285894903,"Merch bole wood and bark weight"
910,"Alder / maple group","WSTPOB",2,1058473988.23706,2158718579.86512,1100244591.62805,103.946304194075,"Stump wood and bark weight"
920,"Western oak group","BIOMASS",1,830630025233.095,750175410067.28,-80454615165.8154,-9.68597482895443,"Total aboveground biomass"
920,"Western oak group","CARBON",1,415315013473.241,359483235152.553,-55831778320.6884,-13.4432362205672,"Total aboveground carbon"
920,"Western oak group","VMERIB",1,14947594703.4682,11840200583.5367,-3107394119.93147,-20.7885896130866,"Merchantable wood volume"
920,"Western oak group","VSAWIB",1,7797310900.57646,8256717845.20335,459406944.626891,5.89186388082752,"Sawlog wood volume"
920,"Western oak group","WMERBCH",1,139787352382.02,228889696748.639,89102344366.618,63.7413491623427,"Top and limb weight"
920,"Western oak group","WMEROB",1,601463551407.838,442909422153.323,-158554129254.515,-26.3613861360991,"Merch bole wood and bark weight"
920,"Western oak group","WSTPOB",1,33932133091.0302,34813218891.1356,881085800.105396,2.59661188331925,"Stump wood and bark weight"
920,"Western oak group","BIOMASS",2,57252976756.4665,64085099194.4019,6832122437.93541,11.9332178429722,"Total aboveground biomass"
920,"Western oak group","CARBON",2,28626488434.8292,31584143677.541,2957655242.71183,10.3318828274911,"Total aboveground carbon"
920,"Western oak group","VMERIB",2,1596598541.00696,1349474318.52572,-247124222.481239,-15.4781691285638,"Merchantable wood volume"
920,"Western oak group","WMERBCH",2,6712093606.23992,11669656658.0377,4957563051.79781,73.8601596257389,"Top and limb weight"
920,"Western oak group","WMEROB",2,45549601961.2291,47318404091.5548,1768802130.32573,3.88324387956518,"Merch bole wood and bark weight"
920,"Western oak group","WSTPOB",2,2932434426.37336,3639081449.34679,706647022.973428,24.0976240293073,"Stump wood and bark weight"
940,"Tanoak / laurel group","BIOMASS",1,494185849566.236,521123388475.599,26937538909.3636,5.45089239868112,"Total aboveground biomass"
940,"Tanoak / laurel group","CARBON",1,247092925225.373,255405910491.285,8312985265.91174,3.36431537176934,"Total aboveground carbon"
940,"Tanoak / laurel group","BIOMASS",2,32600391437.7141,43401766060.758,10801374623.0439,33.1326531574963,"Total aboveground biomass"
940,"Tanoak / laurel group","CARBON",2,16300195751.2836,21383927037.2326,5083731285.94901,31.1881609492246,"Total aboveground carbon"
940,"Tanoak / laurel group","VMERIB",2,964810553.474423,889668110.370856,-75142443.1035672,-7.78831065155417,"Merchantable wood volume"
940,"Tanoak / laurel group","WMERBCH",2,3333431686.16744,5799008374.17378,2465576688.00634,73.9651182364892,"Top and limb weight"
940,"Tanoak / laurel group","WMEROB",2,26117993195.3928,34068958444.6095,7950965249.21672,30.4424815097174,"Merch bole wood and bark weight"
940,"Tanoak / laurel group","WSTPOB",2,1861327284.62658,2299657791.83632,438330507.209737,23.549351628275,"Stump wood and bark weight"
940,"Tanoak / laurel group","VMERIB",1,10299867347.1271,9856065238.34352,-443802108.783539,-4.3088138305716,"Merchantable wood volume"
940,"Tanoak / laurel group","VSAWIB",1,7914208503.28745,7678934065.51466,-235274437.77279,-2.97281070716118,"Sawlog wood volume"
940,"Tanoak / laurel group","WMERBCH",1,74900875224.3541,108730168344.366,33829293120.0116,45.1654176519048,"Top and limb weight"
940,"Tanoak / laurel group","WMEROB",1,377475529997.321,372302389779.488,-5173140217.83246,-1.37045710429738,"Merch bole wood and bark weight"
940,"Tanoak / laurel group","WSTPOB",1,21507760539.6421,18837340278.5903,-2670420261.05178,-12.416077704277,"Stump wood and bark weight"
960,"Other hardwoods group","BIOMASS",1,291315870579.188,306543667355.145,15227796775.9567,5.22724585711073,"Total aboveground biomass"
960,"Other hardwoods group","CARBON",1,145657935662.141,147596608708.946,1938673046.8056,1.33097660487406,"Total aboveground carbon"
960,"Other hardwoods group","VMERIB",1,5743777310.38963,5341764044.59914,-402013265.790489,-6.99910954178721,"Merchantable wood volume"
960,"Other hardwoods group","WMERBCH",1,49821783841.3294,76997333534.2958,27175549692.9664,54.5455172370264,"Top and limb weight"
960,"Other hardwoods group","WMEROB",1,210547403991.978,199109160215.648,-11438243776.3298,-5.43262161368926,"Merch bole wood and bark weight"
960,"Other hardwoods group","WSTPOB",1,13135746329.0402,11779062829.5863,-1356683499.45388,-10.3281798039488,"Stump wood and bark weight"
960,"Other hardwoods group","VSAWIB",1,3118243456.14255,3049138538.81306,-69104917.3294945,-2.21614887680968,"Sawlog wood volume"
960,"Other hardwoods group","BIOMASS",2,15881270050.4459,23485930165.3769,7604660114.93099,47.8844581747886,"Total aboveground biomass"
960,"Other hardwoods group","CARBON",2,7940635049.14924,11475557092.4094,3534922043.26018,44.5168682527339,"Total aboveground carbon"
960,"Other hardwoods group","VMERIB",2,467955610.541123,476024397.176991,8068786.63586813,1.72426325363163,"Merchantable wood volume"
960,"Other hardwoods group","WMERBCH",2,1479800586.15546,3888746747.41052,2408946161.25506,162.788566499595,"Top and limb weight"
960,"Other hardwoods group","WMEROB",2,12485274595.7568,17447349863.7221,4962075267.96531,39.7434211791522,"Merch bole wood and bark weight"
960,"Other hardwoods group","WSTPOB",2,883449597.912055,1240152305.46367,356702707.551611,40.3761242740551,"Stump wood and bark weight"
970,"Woodland hardwoods group","BIOMASS",1,64150475300.5004,77930582710.5125,13780107410.0121,21.480912410176,"Total aboveground biomass"
970,"Woodland hardwoods group","CARBON",1,32075237841.2997,38842972119.5557,6767734278.256,21.0995607008156,"Total aboveground carbon"
970,"Woodland hardwoods group","VMERIB",1,1422785732.36574,1381527256.28673,-41258476.0790014,-2.89983763123622,"Merchantable wood volume"
970,"Woodland hardwoods group","VSAWIB",1,1010422808.37131,971859733.353362,-38563075.0179524,-3.81652855601228,"Sawlog wood volume"
970,"Woodland hardwoods group","WMERBCH",1,8944651475.11571,23842075843.9864,14897424368.8707,166.55120001395,"Top and limb weight"
970,"Woodland hardwoods group","WMEROB",1,45446431947.7456,44154702432.3428,-1291729515.40276,-2.84231227852604,"Merch bole wood and bark weight"
970,"Woodland hardwoods group","WSTPOB",1,2429200152.31387,3162751338.04121,733551185.727339,30.1972311762214,"Stump wood and bark weight"
970,"Woodland hardwoods group","BIOMASS",2,16666014273.4015,26644630927.2395,9978616653.83809,59.8740436083972,"Total aboveground biomass"
970,"Woodland hardwoods group","CARBON",2,8333007149.56235,13388381484.3515,5055374334.78914,60.66686664315,"Total aboveground carbon"
970,"Woodland hardwoods group","VMERIB",2,538327480.73215,584757360.287899,46429879.5557481,8.6248391950196,"Merchantable wood volume"
970,"Woodland hardwoods group","WMERBCH",2,1602040764.54455,6301294375.05927,4699253610.51472,293.329215742565,"Top and limb weight"
970,"Woodland hardwoods group","WMEROB",2,14164533572.4452,19091803445.9374,4927269873.49223,34.7859662889108,"Merch bole wood and bark weight"
970,"Woodland hardwoods group","WSTPOB",2,799657870.806672,1171696218.77429,372038347.967618,46.5246903144112,"Stump wood and bark weight"
980,"Tropical hardwoods group","BIOMASS",1,120198456575.826,132900188670.45,12701732094.6244,10.5673004932568,"Total aboveground biomass"
980,"Tropical hardwoods group","CARBON",1,60099228629.2889,62957689278.9987,2858460649.70982,4.75623517123941,"Total aboveground carbon"
980,"Tropical hardwoods group","VMERIB",1,2049487548.10801,1846890405.94316,-202597142.164849,-9.88525850532135,"Merchantable wood volume"
980,"Tropical hardwoods group","VSAWIB",1,64441190.1364301,63376596.1236559,-1064594.01277421,-1.6520396512236,"Sawlog wood volume"
980,"Tropical hardwoods group","WMERBCH",1,19362656872.5445,41250489055.5327,21887832182.9883,113.041471152776,"Top and limb weight"
980,"Tropical hardwoods group","WMEROB",1,77643884932.4231,67344951426.8942,-10298933505.5289,-13.2643201901767,"Merch bole wood and bark weight"
980,"Tropical hardwoods group","WSTPOB",1,5486722470.25725,6640020087.2707,1153297617.01345,21.0197913830218,"Stump wood and bark weight"
980,"Tropical hardwoods group","BIOMASS",2,1753808898.29823,3307104993.8059,1553296095.50767,88.5670096106185,"Total aboveground biomass"
980,"Tropical hardwoods group","CARBON",2,876904458.476688,1548879733.56279,671975275.086105,76.6303864224188,"Total aboveground carbon"
980,"Tropical hardwoods group","VMERIB",2,31781797.4342568,33508875.2555344,1727077.82127762,5.43417289362007,"Merchantable wood volume"
980,"Tropical hardwoods group","WMERBCH",2,145945413.253426,357647845.327336,211702432.07391,145.055899568629,"Top and limb weight"
980,"Tropical hardwoods group","WMEROB",2,1007512354.12635,2202506546.84903,1194994192.72268,118.608391036446,"Merch bole wood and bark weight"
980,"Tropical hardwoods group","WSTPOB",2,109588783.259049,287840278.225298,178251494.966248,162.654871844769,"Stump wood and bark weight"
990,"Exotic hardwoods group","BIOMASS",1,59682360445.0111,67722900207.0691,8040539762.05804,13.4722214438323,"Total aboveground biomass"
990,"Exotic hardwoods group","CARBON",1,29841180410.9696,31798769025.6804,1957588614.71085,6.56002405987679,"Total aboveground carbon"
990,"Exotic hardwoods group","VMERIB",1,989182742.074671,973913299.476287,-15269442.5983833,-1.54364223605012,"Merchantable wood volume"
990,"Exotic hardwoods group","WMERBCH",1,10073224365.9232,16166633232.2536,6093408866.33038,60.4911460817234,"Top and limb weight"
990,"Exotic hardwoods group","WMEROB",1,35881516296.9463,36079964311.2717,198448014.325417,0.553064738633427,"Merch bole wood and bark weight"
990,"Exotic hardwoods group","WSTPOB",1,2671142881.69797,3015570978.91296,344428097.214996,12.8944093397225,"Stump wood and bark weight"
990,"Exotic hardwoods group","BIOMASS",2,1598590435.75709,3003617933.63542,1405027497.87833,87.8916491961192,"Total aboveground biomass"
990,"Exotic hardwoods group","CARBON",2,799295225.497978,1423306362.33253,624011136.834548,78.0701694353016,"Total aboveground carbon"
990,"Exotic hardwoods group","VMERIB",2,36129192.0393347,38503949.2650706,2374757.22573592,6.57295968077688,"Merchantable wood volume"
990,"Exotic hardwoods group","WMERBCH",2,135029052.069022,426629001.32327,291599949.254248,215.953489109286,"Top and limb weight"
990,"Exotic hardwoods group","WMEROB",2,1002530782.22599,2088999723.78509,1086468941.5591,108.372626638629,"Merch bole wood and bark weight"
990,"Exotic hardwoods group","WSTPOB",2,117631209.462082,213938614.306658,96307404.844576,81.8723239223517,"Stump wood and bark weight"
990,"Exotic hardwoods group","VSAWIB",1,170958569.131705,168579313.331092,-2379255.80061278,-1.39171485389529,"Sawlog wood volume"
999,"Nonstocked","BIOMASS",1,46865893490.0256,54478919031.0857,7613025541.06016,16.244276965893,"Total aboveground biomass"
999,"Nonstocked","CARBON",1,23432946806.8348,27125543157.5038,3692596350.66906,15.7581390898392,"Total aboveground carbon"
999,"Nonstocked","BIOMASS",2,210250344731.741,289581071791.911,79330727060.1692,37.7315562366318,"Total aboveground biomass"
999,"Nonstocked","CARBON",2,105125172535.797,145038330518.544,39913157982.7473,37.9672698935702,"Total aboveground carbon"
999,"Nonstocked","VMERIB",2,7064427248.82608,7018486924.98002,-45940323.8460598,-0.650305003193201,"Merchantable wood volume"
999,"Nonstocked","WMERBCH",2,20601322478.4348,64243440966.1684,43642118487.7336,211.841344328344,"Top and limb weight"
999,"Nonstocked","WMEROB",2,177376991227.824,211746055599.422,34369064371.5981,19.3762810687517,"Merch bole wood and bark weight"
999,"Nonstocked","WSTPOB",2,9847614259.40079,10841745747.2642,994131487.863426,10.0951505783688,"Stump wood and bark weight"
999,"Nonstocked","VMERIB",1,1160809479.25732,1108448421.54789,-52361057.7094276,-4.51073657176954,"Merchantable wood volume"
999,"Nonstocked","WMERBCH",1,7201429438.60929,16411359148.3997,9209929709.79039,127.890299950908,"Top and limb weight"
999,"Nonstocked","WMEROB",1,36298747129.7706,34372090526.2414,-1926656603.52919,-5.3077771434955,"Merch bole wood and bark weight"
999,"Nonstocked","WSTPOB",1,2011999556.55765,2288977746.16905,276978189.611404,13.7663146449837,"Stump wood and bark weight"
999,"Nonstocked","VSAWIB",1,777065437.767063,742269631.29431,-34795806.4727529,-4.47784765369831,"Sawlog wood volume"
